Row,Time,Index,Turnover,Change
1,2024-04-01 12:01:00,2007.59,769092288,-0.53
2,2024-04-01 12:01:00,2007.59,769092288,-0.53
3,2024-04-01 12:02:00,2008.05,778174620,-0.5
4,2024-04-01 12:02:00,2008.05,778174620,-0.5
5,2024-04-01 13:52:00,2012.67,1854044386,-0.28
6,2024-04-01 13:52:00,2012.67,1854044386,-0.28
7,2024-04-01 13:52:00,2012.67,1854044386,-0.28
8,2024-04-01 13:52:00,2012.67,1854044386,-0.28
9,2024-04-01 13:53:00,2012.85,1859244558,-0.27
10,2024-04-01 13:53:00,2012.85,1859244558,-0.27
11,2024-04-01 13:54:00,2012.74,1866023040,-0.27
12,2024-04-01 13:54:00,2012.74,1866023040,-0.27
13,2024-04-01 13:55:00,2013.01,1872259774,-0.26
14,2024-04-01 13:55:00,2013.01,1872259774,-0.26
15,2024-04-01 13:56:00,2013.0,1881102799,-0.26
16,2024-04-01 13:56:00,2013.0,1881102799,-0.26
17,2024-04-01 13:57:00,2013.33,1889888186,-0.24
18,2024-04-01 13:57:00,2013.33,1889888186,-0.24
19,2024-04-01 13:58:00,2013.09,1904308047,-0.25
20,2024-04-01 13:58:00,2013.09,1904308047,-0.25
21,2024-04-01 13:59:00,2013.34,1914892149,-0.24
22,2024-04-01 13:59:00,2013.34,1914892149,-0.24
23,2024-04-01 14:00:00,2013.47,1923693452,-0.24
24,2024-04-01 14:00:00,2013.47,1923693452,-0.24
25,2024-04-01 14:01:00,2013.36,1931739577,-0.24
26,2024-04-01 14:01:00,2013.36,1931739577,-0.24
27,2024-04-01 14:03:00,2013.2,1947235327,-0.25
28,2024-04-01 14:03:00,2013.2,1947235327,-0.25
29,2024-04-01 14:04:00,2012.96,1955122740,-0.26
30,2024-04-01 14:04:00,2012.96,1955122740,-0.26
31,2024-04-01 14:05:00,2012.86,1961281774,-0.27
32,2024-04-01 14:05:00,2012.86,1961281774,-0.27
33,2024-04-01 14:06:00,2012.85,1966636373,-0.27
34,2024-04-01 14:06:00,2012.85,1966636373,-0.27
35,2024-04-01 14:07:00,2013.19,1971238051,-0.25
36,2024-04-01 14:07:00,2013.19,1971238051,-0.25
37,2024-04-01 14:08:00,2013.62,1979044185,-0.23
38,2024-04-01 14:08:00,2013.62,1979044185,-0.23
39,2024-04-01 14:09:00,2013.64,1988719700,-0.23
40,2024-04-01 14:09:00,2013.64,1988719700,-0.23
41,2024-04-01 14:10:00,2014.16,1995039205,-0.2
42,2024-04-01 14:10:00,2014.16,1995039205,-0.2
43,2024-04-01 14:11:00,2013.97,2006399313,-0.21
44,2024-04-01 14:11:00,2013.97,2006399313,-0.21
45,2024-04-01 14:12:00,2013.73,2017457418,-0.22
46,2024-04-01 14:12:00,2013.73,2017457418,-0.22
47,2024-04-01 14:13:00,2013.6,2022563358,-0.23
48,2024-04-01 14:13:00,2013.6,2022563358,-0.23
49,2024-04-01 14:14:00,2013.83,2028983525,-0.22
50,2024-04-01 14:14:00,2013.83,2028983525,-0.22
51,2024-04-01 14:15:00,2013.96,2043015755,-0.21
52,2024-04-01 14:15:00,2013.96,2043015755,-0.21
53,2024-04-01 14:16:00,2013.96,2065430214,-0.21
54,2024-04-01 14:16:00,2013.96,2065430214,-0.21
55,2024-04-01 14:17:00,2013.74,2074773668,-0.22
56,2024-04-01 14:17:00,2013.74,2074773668,-0.22
57,2024-04-01 14:18:00,2013.4,2083637575,-0.24
58,2024-04-01 14:18:00,2013.4,2083637575,-0.24
59,2024-04-01 14:19:00,2013.52,2088025556,-0.23
60,2024-04-01 14:19:00,2013.52,2088025556,-0.23
61,2024-04-01 14:20:00,2013.22,2095447386,-0.25
62,2024-04-01 14:20:00,2013.22,2095447386,-0.25
63,2024-04-01 14:21:00,2013.11,2117723600,-0.25
64,2024-04-01 14:21:00,2013.11,2117723600,-0.25
65,2024-04-01 14:22:00,2012.98,2126202202,-0.26
66,2024-04-01 14:22:00,2012.98,2126202202,-0.26
67,2024-04-01 14:23:00,2012.37,2137079311,-0.29
68,2024-04-01 14:23:00,2012.37,2137079311,-0.29
69,2024-04-01 14:24:00,2011.94,2151723590,-0.31
70,2024-04-01 14:24:00,2011.94,2151723590,-0.31
71,2024-04-01 14:25:00,2011.8,2162663516,-0.32
72,2024-04-01 14:25:00,2011.8,2162663516,-0.32
73,2024-04-01 14:26:00,2011.32,2178297709,-0.34
74,2024-04-01 14:26:00,2011.32,2178297709,-0.34
75,2024-04-01 14:27:00,2010.82,2191674429,-0.37
76,2024-04-01 14:27:00,2010.82,2191674429,-0.37
77,2024-04-01 14:28:00,2010.52,2206556654,-0.38
78,2024-04-01 14:28:00,2010.52,2206556654,-0.38
79,2024-04-01 14:29:00,2010.38,2222220299,-0.39
80,2024-04-01 14:29:00,2010.38,2222220299,-0.39
81,2024-04-01 14:30:00,2009.98,2237237221,-0.41
82,2024-04-01 14:31:00,2009.35,2253518666,-0.44
83,2024-04-01 14:32:00,2009.16,2262496988,-0.45
84,2024-04-01 14:32:00,2009.16,2262496988,-0.45
85,2024-04-01 14:33:00,2008.83,2277746400,-0.47
86,2024-04-01 14:33:00,2008.83,2277746400,-0.47
87,2024-04-01 14:34:00,2009.1,2289808148,-0.45
88,2024-04-01 14:34:00,2009.1,2289808148,-0.45
89,2024-04-01 14:35:00,2008.93,2298322494,-0.46
90,2024-04-01 14:35:00,2008.93,2298322494,-0.46
91,2024-04-01 14:36:00,2008.88,2309784233,-0.46
92,2024-04-01 14:36:00,2008.88,2309784233,-0.46
93,2024-04-01 14:37:00,2008.21,2330078407,-0.5
94,2024-04-01 14:37:00,2008.21,2330078407,-0.5
95,2024-04-01 14:38:00,2008.53,2343395551,-0.48
96,2024-04-01 14:38:00,2008.53,2343395551,-0.48
97,2024-04-01 14:39:00,2008.24,2356856767,-0.5
98,2024-04-01 14:39:00,2008.24,2356856767,-0.5
99,2024-04-01 14:40:00,2008.64,2366187159,-0.48
100,2024-04-01 14:40:00,2008.64,2366187159,-0.48
101,2024-04-01 14:41:00,2008.18,2388934583,-0.5
102,2024-04-01 14:41:00,2008.18,2388934583,-0.5
103,2024-04-01 14:42:00,2007.64,2406095307,-0.52
104,2024-04-01 14:42:00,2007.64,2406095307,-0.52
105,2024-04-01 14:43:00,2007.87,2422764216,-0.51
106,2024-04-01 14:43:00,2007.87,2422764216,-0.51
107,2024-04-01 14:44:00,2007.83,2434454369,-0.52
108,2024-04-01 14:44:00,2007.83,2434454369,-0.52
109,2024-04-01 14:45:00,2008.01,2445235996,-0.51
110,2024-04-01 14:45:00,2008.01,2445235996,-0.51
111,2024-04-01 14:46:00,2008.77,2457796331,-0.47
112,2024-04-01 14:46:00,2008.77,2457796331,-0.47
113,2024-04-01 14:47:00,2008.71,2471567758,-0.47
114,2024-04-01 14:47:00,2008.71,2471567758,-0.47
115,2024-04-01 14:48:00,2008.22,2497608926,-0.5
116,2024-04-01 14:48:00,2008.22,2497608926,-0.5
117,2024-04-01 14:49:00,2007.89,2515401752,-0.51
118,2024-04-01 14:49:00,2007.89,2515401752,-0.51
119,2024-04-01 14:50:00,2008.51,2541790009,-0.48
120,2024-04-01 14:50:00,2008.51,2541790009,-0.48
121,2024-04-01 14:51:00,2008.19,2556077676,-0.5
122,2024-04-01 14:51:00,2008.19,2556077676,-0.5
123,2024-04-01 14:52:00,2007.73,2572347116,-0.52
124,2024-04-01 14:52:00,2007.73,2572347116,-0.52
125,2024-04-01 14:53:00,2007.26,2591792162,-0.54
126,2024-04-01 14:53:00,2007.26,2591792162,-0.54
127,2024-04-01 14:54:00,2007.56,2621142221,-0.53
128,2024-04-01 14:54:00,2007.56,2621142221,-0.53
129,2024-04-01 14:55:00,2007.79,2643769959,-0.52
130,2024-04-01 14:55:00,2007.79,2643769959,-0.52
131,2024-04-01 14:56:00,2008.68,2673197459,-0.47
132,2024-04-01 14:56:00,2008.68,2673197459,-0.47
133,2024-04-01 14:57:00,2008.21,2702162971,-0.5
134,2024-04-01 14:57:00,2008.21,2702162971,-0.5
135,2024-04-01 14:58:00,2008.74,2727579099,-0.47
136,2024-04-01 14:59:00,2008.52,2771519888,-0.48
137,2024-04-01 14:59:00,2008.52,2771519888,-0.48
138,2024-04-01 15:00:00,2012.07,2874754306,-0.31
139,2024-04-01 15:00:00,2012.07,2874754306,-0.31
140,2024-04-01 15:00:00,2012.07,2874754306,-0.31
141,2024-04-01 15:00:00,2012.07,2874754306,-0.31
142,2024-04-01 15:00:00,2012.07,2874754306,-0.31
143,2024-04-01 15:00:00,2012.07,2874754306,-0.31
144,2024-04-01 15:00:00,2012.07,2874754306,-0.31
145,2024-04-01 15:00:00,2012.07,2874754306,-0.31
146,2024-04-01 15:00:00,2012.07,2874754306,-0.31
147,2024-04-01 15:00:00,2012.07,2874754306,-0.31
148,2024-04-01 15:00:00,2012.07,2874754306,-0.31
149,2024-04-01 15:00:00,2012.07,2874754306,-0.31
150,2024-04-01 15:00:00,2012.07,2874754306,-0.31
151,2024-04-01 15:00:00,2012.07,2874754306,-0.31
152,2024-04-01 15:00:00,2012.07,2874754306,-0.31
153,2024-04-01 15:00:00,2012.07,2874754306,-0.31
154,2024-04-01 15:00:00,2012.07,2874754306,-0.31
155,2024-04-01 15:00:00,2012.07,2874754306,-0.31
156,2024-04-01 15:00:00,2012.07,2874754306,-0.31
157,2024-04-01 15:00:00,2012.07,2874754306,-0.31
158,2024-04-01 15:00:00,2012.07,2874754306,-0.31
159,2024-04-01 15:00:00,2012.07,2874754306,-0.31
160,2024-04-01 15:00:00,2012.07,2874754306,-0.31
161,2024-04-01 15:00:00,2012.07,2874754306,-0.31
162,2024-04-01 15:00:00,2012.07,2874754306,-0.31
163,2024-04-01 15:00:00,2012.07,2874754306,-0.31
164,2024-04-01 15:00:00,2012.07,2874754306,-0.31
165,2024-04-01 15:00:00,2012.07,2874754306,-0.31
166,2024-04-01 15:00:00,2012.07,2874754306,-0.31
167,2024-04-01 15:00:00,2012.07,2874754306,-0.31
168,2024-04-01 15:00:00,2012.07,2874754306,-0.31
169,2024-04-01 15:00:00,2012.07,2874754306,-0.31
170,2024-04-01 15:00:00,2012.07,2874754306,-0.31
171,2024-04-01 15:00:00,2012.07,2874754306,-0.31
172,2024-04-01 15:00:00,2012.07,2874754306,-0.31
173,2024-04-01 15:00:00,2012.07,2874754306,-0.31
174,2024-04-01 15:00:00,2012.07,2874754306,-0.31
175,2024-04-01 15:00:00,2012.07,2874754306,-0.31
176,2024-04-01 15:00:00,2012.07,2874754306,-0.31
177,2024-03-31 15:00:00,2018.33,3205313025,-0.85
178,2024-03-31 15:00:00,2018.33,3205313025,-0.85
179,2024-04-01 15:00:00,2012.07,2874754306,-0.31
180,2024-04-01 15:00:00,2012.07,2874754306,-0.31
181,2024-04-01 15:00:00,2012.07,2874754306,-0.31
182,2024-04-01 15:00:00,2012.07,2874754306,-0.31
183,2024-04-01 15:00:00,2012.07,2874754306,-0.31
184,2024-04-01 15:00:00,2012.07,2874754306,-0.31
185,2024-04-01 15:00:00,2012.07,2874754306,-0.31
186,2024-04-01 15:00:00,2012.07,2874754306,-0.31
187,2024-04-01 15:00:00,2012.07,2874754306,-0.31
188,2024-04-01 15:00:00,2012.07,2874754306,-0.31
189,2024-04-01 15:00:00,2012.07,2874754306,-0.31
190,2024-04-01 15:00:00,2012.07,2874754306,-0.31
191,2024-04-01 15:00:00,2012.07,2874754306,-0.31
192,2024-04-01 15:00:00,2012.07,2874754306,-0.31
193,2024-04-01 15:00:00,2012.07,2874754306,-0.31
194,2024-04-01 15:00:00,2012.07,2874754306,-0.31
195,2024-04-01 15:00:00,2012.07,2874754306,-0.31
196,2024-04-01 15:00:00,2012.07,2874754306,-0.31
197,2024-04-01 15:00:00,2012.07,2874754306,-0.31
198,2024-04-01 15:00:00,2012.07,2874754306,-0.31
199,2024-04-01 15:00:00,2012.07,2874754306,-0.31
200,2024-04-01 15:00:00,2012.07,2874754306,-0.31
201,2024-04-01 15:00:00,2012.07,2874754306,-0.31
202,2024-04-01 15:00:00,2012.07,2874754306,-0.31
203,2024-04-01 15:00:00,2012.07,2874754306,-0.31
204,2024-04-01 15:00:00,2012.07,2874754306,-0.31
205,2024-04-01 15:00:00,2012.07,2874754306,-0.31
206,2024-04-01 15:00:00,2012.07,2874754306,-0.31
207,2024-04-01 15:00:00,2012.07,2874754306,-0.31
208,2024-04-01 15:00:00,2012.07,2874754306,-0.31
209,2024-04-01 15:00:00,2012.07,2874754306,-0.31
210,2024-04-01 15:00:00,2012.07,2874754306,-0.31
211,2024-04-01 15:00:00,2012.07,2874754306,-0.31
212,2024-04-01 15:00:00,2012.07,2874754306,-0.31
213,2024-04-01 15:00:00,2012.07,2874754306,-0.31
214,2024-04-01 15:00:00,2012.07,2874754306,-0.31
215,2024-04-01 15:00:00,2012.07,2874754306,-0.31
216,2024-04-01 15:00:00,2012.07,2874754306,-0.31
217,2024-04-01 15:00:00,2012.07,2874754306,-0.31
218,2024-04-01 15:00:00,2012.07,2874754306,-0.31
219,2024-04-01 15:00:00,2012.07,2874754306,-0.31
220,2024-04-01 15:00:00,2012.07,2874754306,-0.31
221,2024-04-01 15:00:00,2012.07,2874754306,-0.31
222,2024-04-01 15:00:00,2012.07,2874754306,-0.31
223,2024-04-01 15:00:00,2012.07,2874754306,-0.31
224,2024-04-01 15:00:00,2012.07,2874754306,-0.31
225,2024-04-01 15:00:00,2012.07,2874754306,-0.31
226,2024-04-01 15:00:00,2012.07,2874754306,-0.31
227,2024-04-01 15:00:00,2012.07,2874754306,-0.31
228,2024-04-01 15:00:00,2012.07,2874754306,-0.31
229,2024-04-02 11:08:00,2015.46,93526335,0.16
230,2024-04-02 11:09:00,2014.5,99349306,0.12
231,2024-04-02 11:10:00,2014.6,104123186,0.12
232,2024-04-02 11:11:00,2014.24,110059508,0.1
233,2024-04-02 11:12:00,2015.01,116506419,0.14
234,2024-04-02 11:13:00,2015.92,121196478,0.19
235,2024-04-02 11:14:00,2015.43,131211769,0.16
236,2024-04-02 11:15:00,2016.83,136622754,0.23
237,2024-04-02 11:16:00,2017.05,141099872,0.24
238,2024-04-02 11:17:00,2015.82,144039322,0.18
239,2024-04-02 11:18:00,2015.3,149219299,0.16
240,2024-04-02 11:19:00,2015.4,154998016,0.16
241,2024-04-02 11:20:00,2015.36,160892831,0.16
242,2024-04-02 11:21:00,2015.69,164682360,0.17
243,2024-04-02 11:23:00,2016.6,176513874,0.22
244,2024-04-02 11:24:00,2016.34,180826022,0.21
245,2024-04-02 11:25:00,2015.67,186997337,0.17
246,2024-04-02 11:26:00,2016.27,192261520,0.2
247,2024-04-02 11:27:00,2015.95,197362743,0.19
248,2024-04-02 11:28:00,2016.35,202898933,0.21
249,2024-04-02 11:29:00,2015.75,205940131,0.18
250,2024-04-02 11:30:00,2016.51,215455918,0.22
251,2024-04-02 11:31:00,2016.72,220799701,0.23
252,2024-04-02 11:32:00,2016.77,224524943,0.23
253,2024-04-02 11:33:00,2016.98,228284084,0.24
254,2024-04-02 11:34:00,2017.54,231611301,0.27
255,2024-04-02 11:35:00,2017.82,239176767,0.28
256,2024-04-02 11:36:00,2017.16,242045448,0.25
257,2024-04-02 11:37:00,2016.86,247393617,0.23
258,2024-04-02 11:38:00,2016.48,252347910,0.21
259,2024-04-02 11:39:00,2016.54,259118833,0.22
260,2024-04-02 11:40:00,2016.15,263796215,0.2
261,2024-04-02 11:41:00,2016.19,269192079,0.2
262,2024-04-02 11:42:00,2016.09,281319953,0.19
263,2024-04-02 11:43:00,2015.78,286029503,0.18
264,2024-04-02 11:44:00,2014.88,299248757,0.13
265,2024-04-02 11:45:00,2014.02,308292549,0.09
266,2024-04-02 11:46:00,2014.21,314684267,0.1
267,2024-04-02 11:47:00,2014.12,320796363,0.1
268,2024-04-02 11:48:00,2013.5,327895983,0.07
269,2024-04-02 11:49:00,2012.93,334544992,0.04
270,2024-04-02 11:50:00,2013.67,341041045,0.07
271,2024-04-02 11:52:00,2013.38,361387797,0.06
272,2024-04-02 11:53:00,2013.27,367530652,0.05
273,2024-04-02 11:54:00,2012.7,381737148,0.03
274,2024-04-02 11:55:00,2013.0,389406343,0.04
275,2024-04-02 11:56:00,2013.41,399472546,0.06
276,2024-04-02 11:57:00,2013.05,406076444,0.04
277,2024-04-02 11:58:00,2012.9,414805001,0.04
278,2024-04-02 11:59:00,2013.03,420414480,0.04
279,2024-04-02 12:00:00,2012.7,426509423,0.03
280,2024-04-02 12:01:00,2012.46,432660332,0.01
281,2024-04-02 12:02:00,2011.92,442758164,0.0
282,2024-04-02 12:03:00,2011.96,451532102,0.0
283,2024-04-02 12:04:00,2011.67,458382136,-0.01
284,2024-04-02 12:05:00,2011.52,465029153,-0.02
285,2024-04-02 12:06:00,2010.71,497457402,-0.06
286,2024-04-02 12:07:00,2010.48,506997499,-0.07
287,2024-04-02 12:08:00,2010.75,511098970,-0.06
288,2024-04-02 12:09:00,2010.09,517609420,-0.09
289,2024-04-02 12:10:00,2010.14,524131104,-0.09
290,2024-04-02 12:11:00,2009.7,529327826,-0.11
291,2024-04-02 12:13:00,2009.59,550997783,-0.12
292,2024-04-02 12:14:00,2009.83,555919146,-0.11
293,2024-04-02 12:15:00,2010.19,560951226,-0.09
294,2024-04-02 12:16:00,2010.37,566556329,-0.08
295,2024-04-02 12:17:00,2010.42,574453449,-0.08
296,2024-04-02 12:18:00,2010.68,579632787,-0.06
297,2024-04-02 12:19:00,2010.53,584289893,-0.07
298,2024-04-02 12:20:00,2010.55,588726575,-0.07
299,2024-04-02 12:21:00,2010.64,593269146,-0.07
300,2024-04-02 12:22:00,2011.2,600260197,-0.04
301,2024-04-02 12:23:00,2011.49,604552196,-0.02
302,2024-04-02 12:24:00,2011.41,610499764,-0.03
303,2024-04-02 12:25:00,2011.45,619327003,-0.03
304,2024-04-02 12:26:00,2011.21,624265004,-0.04
305,2024-04-02 12:27:00,2011.04,630137034,-0.05
306,2024-04-02 12:28:00,2010.21,638322653,-0.09
307,2024-04-02 12:29:00,2010.38,646510597,-0.08
308,2024-04-02 12:30:00,2010.54,651969460,-0.07
309,2024-04-02 12:32:00,2010.91,664718085,-0.05
310,2024-04-02 12:33:00,2010.47,672639726,-0.07
311,2024-04-02 12:34:00,2009.87,680780196,-0.1
312,2024-04-02 12:35:00,2009.67,692787457,-0.11
313,2024-04-02 12:36:00,2009.33,701160989,-0.13
314,2024-04-02 12:37:00,2008.69,709488918,-0.16
315,2024-04-02 12:38:00,2009.01,718790061,-0.15
316,2024-04-02 12:39:00,2009.42,738942257,-0.13
317,2024-04-02 12:40:00,2009.46,745550753,-0.12
318,2024-04-02 12:41:00,2010.03,752034305,-0.1
319,2024-04-02 12:42:00,2009.93,758824182,-0.1
320,2024-04-02 12:43:00,2009.45,763030320,-0.13
321,2024-04-02 12:44:00,2009.7,769377204,-0.11
322,2024-04-02 12:45:00,2009.81,772672499,-0.11
323,2024-04-02 12:46:00,2010.3,776612896,-0.08
324,2024-04-02 12:47:00,2010.3,786554357,-0.08
325,2024-04-02 12:48:00,2009.84,792926258,-0.11
326,2024-04-02 12:49:00,2010.18,796706227,-0.09
327,2024-04-02 12:51:00,2010.34,815765319,-0.08
328,2024-04-02 12:52:00,2010.48,822467696,-0.07
329,2024-04-02 12:53:00,2010.92,830736796,-0.05
330,2024-04-02 12:54:00,2011.11,834487025,-0.04
331,2024-04-02 12:55:00,2010.86,845786274,-0.05
332,2024-04-02 12:56:00,2010.63,851200319,-0.07
333,2024-04-02 12:57:00,2010.9,859741339,-0.05
334,2024-04-02 12:58:00,2011.01,866428833,-0.05
335,2024-04-02 12:59:00,2011.22,875448024,-0.04
336,2024-04-02 13:00:00,2011.0,886485686,-0.05
337,2024-04-02 13:01:00,2010.94,890134961,-0.05
338,2024-04-02 13:02:00,2011.01,894658873,-0.05
339,2024-04-02 13:03:00,2011.03,901538221,-0.05
340,2024-04-02 13:04:00,2011.34,905760453,-0.03
341,2024-04-02 13:05:00,2011.67,914301037,-0.01
342,2024-04-02 13:06:00,2011.75,921253740,-0.01
343,2024-04-02 13:07:00,2013.09,934167550,0.05
344,2024-04-02 13:08:00,2013.94,943944768,0.09
345,2024-04-02 13:09:00,2014.35,951841114,0.11
346,2024-04-02 13:11:00,2014.72,973419136,0.13
347,2024-04-02 13:12:00,2014.76,984487692,0.13
348,2024-04-02 13:13:00,2014.81,988752318,0.13
349,2024-04-02 13:14:00,2014.86,995252068,0.13
350,2024-04-02 13:15:00,2014.31,1002015570,0.11
351,2024-04-02 13:16:00,2015.06,1008557433,0.14
352,2024-04-02 13:17:00,2014.92,1016835097,0.14
353,2024-04-02 13:18:00,2014.87,1023186165,0.13
354,2024-04-02 13:19:00,2015.0,1030366613,0.14
355,2024-04-02 13:20:00,2014.81,1037897838,0.13
356,2024-04-02 13:21:00,2014.87,1044666124,0.13
357,2024-04-02 13:22:00,2014.37,1054717940,0.11
358,2024-04-02 13:23:00,2014.4,1060784576,0.11
359,2024-04-02 13:24:00,2014.39,1069817882,0.11
360,2024-04-02 13:25:00,2014.21,1076162110,0.1
361,2024-04-02 13:26:00,2013.78,1081782970,0.08
362,2024-04-02 13:27:00,2014.02,1092899805,0.09
363,2024-04-02 13:28:00,2013.92,1097097714,0.09
364,2024-04-02 13:30:00,2014.07,1116519195,0.09
365,2024-04-02 13:31:00,2013.81,1121899900,0.08
366,2024-04-02 13:32:00,2013.79,1126775088,0.08
367,2024-04-02 13:33:00,2013.66,1136518027,0.07
368,2024-04-02 13:34:00,2013.41,1143178257,0.06
369,2024-04-02 13:35:00,2013.09,1149487869,0.05
370,2024-04-02 13:36:00,2012.69,1156260537,0.03
371,2024-04-02 13:37:00,2012.56,1163245094,0.02
372,2024-04-02 13:38:00,2012.32,1173794768,0.01
373,2024-04-02 13:39:00,2012.36,1178713704,0.01
374,2024-04-02 13:40:00,2012.35,1186990103,0.01
375,2024-04-02 13:41:00,2011.87,1193819132,0.0
376,2024-04-02 13:42:00,2011.47,1216679813,-0.02
377,2024-04-02 13:43:00,2011.06,1230187741,-0.05
378,2024-04-02 13:44:00,2010.87,1241807163,-0.05
379,2024-04-02 13:45:00,2010.65,1250947545,-0.07
380,2024-04-02 13:46:00,2010.47,1260823565,-0.07
381,2024-04-02 13:48:00,2010.62,1278555970,-0.07
382,2024-04-02 13:49:00,2010.67,1288009968,-0.06
383,2024-04-02 13:50:00,2010.93,1294877088,-0.05
384,2024-04-02 13:51:00,2010.7,1299713159,-0.06
385,2024-04-02 13:52:00,2010.66,1312163891,-0.06
386,2024-04-02 13:53:00,2010.95,1320551744,-0.05
387,2024-04-02 13:54:00,2011.15,1324218631,-0.04
388,2024-04-02 13:55:00,2011.25,1332581076,-0.04
389,2024-04-02 13:56:00,2011.34,1340431668,-0.03
390,2024-04-02 13:57:00,2011.37,1349797082,-0.03
391,2024-04-02 13:58:00,2011.36,1358183530,-0.03
392,2024-04-02 13:59:00,2011.47,1367171012,-0.02
393,2024-04-02 14:00:00,2011.51,1382847915,-0.02
394,2024-04-02 14:01:00,2011.68,1389911799,-0.01
395,2024-04-02 14:02:00,2011.58,1394402292,-0.02
396,2024-04-02 14:03:00,2011.05,1403244629,-0.05
397,2024-04-02 14:04:00,2010.95,1412128497,-0.05
398,2024-04-02 14:06:00,2010.5,1432232091,-0.07
399,2024-04-02 14:07:00,2010.96,1439081558,-0.05
400,2024-04-02 14:08:00,2011.36,1451127686,-0.03
401,2024-04-02 14:09:00,2012.17,1458098104,0.0
402,2024-04-02 14:10:00,2012.25,1468349006,0.0
403,2024-04-02 14:11:00,2011.7,1479032863,-0.01
404,2024-04-02 14:12:00,2011.57,1490673981,-0.02
405,2024-04-02 14:13:00,2011.06,1501252909,-0.05
406,2024-04-02 14:14:00,2010.62,1511894959,-0.07
407,2024-04-02 14:15:00,2010.78,1518940462,-0.06
408,2024-04-02 14:16:00,2010.88,1525342026,-0.05
409,2024-04-02 14:17:00,2010.03,1534217264,-0.1
410,2024-04-02 14:18:00,2009.31,1560943481,-0.13
411,2024-04-02 14:19:00,2009.45,1571208486,-0.13
412,2024-04-02 14:20:00,2009.42,1585941694,-0.13
413,2024-04-02 14:21:00,2009.31,1598593212,-0.13
414,2024-04-02 14:22:00,2009.14,1608457492,-0.14
415,2024-04-02 14:23:00,2008.66,1622348387,-0.16
416,2024-04-02 14:24:00,2008.63,1633660537,-0.17
417,2024-04-02 14:26:00,2008.34,1653197639,-0.18
418,2024-04-02 14:27:00,2008.48,1668921751,-0.17
419,2024-04-02 14:28:00,2008.42,1682116908,-0.18
420,2024-04-02 14:29:00,2008.06,1695303939,-0.19
421,2024-04-02 14:30:00,2007.96,1703117227,-0.2
422,2024-04-02 14:31:00,2008.05,1715679601,-0.19
423,2024-04-02 14:32:00,2007.27,1727252956,-0.23
424,2024-04-02 14:33:00,2007.01,1743003727,-0.25
425,2024-04-02 14:34:00,2007.21,1752069158,-0.24
426,2024-04-02 14:35:00,2007.28,1763919994,-0.23
427,2024-04-02 14:36:00,2006.52,1774726670,-0.27
428,2024-04-02 14:37:00,2006.15,1785859934,-0.29
429,2024-04-02 14:38:00,2006.15,1798023598,-0.29
430,2024-04-02 14:39:00,2005.72,1811025812,-0.31
431,2024-04-02 14:40:00,2005.47,1826033939,-0.32
432,2024-04-02 14:41:00,2005.24,1840814062,-0.33
433,2024-04-02 14:42:00,2005.33,1865342547,-0.33
434,2024-04-02 14:43:00,2004.82,1879513398,-0.36
435,2024-04-02 14:45:00,2004.42,1926633510,-0.38
436,2024-04-02 14:46:00,2005.13,1944279172,-0.34
437,2024-04-02 14:47:00,2005.23,1959655926,-0.33
438,2024-04-02 14:48:00,2005.13,1972559778,-0.34
439,2024-04-02 14:49:00,2005.45,1981110013,-0.32
440,2024-04-02 14:50:00,2005.51,1997844608,-0.32
441,2024-04-02 14:51:00,2006.08,2013098189,-0.29
442,2024-04-02 14:52:00,2006.15,2040170324,-0.29
443,2024-04-02 14:53:00,2006.29,2055460070,-0.28
444,2024-04-02 14:54:00,2006.17,2072369368,-0.29
445,2024-04-02 14:55:00,2006.01,2096981991,-0.3
446,2024-04-02 14:56:00,2006.95,2129551370,-0.25
447,2024-04-02 14:57:00,2006.83,2158993098,-0.26
448,2024-04-02 14:58:00,2007.04,2183961359,-0.24
449,2024-04-02 14:59:00,2007.86,2216623386,-0.2
450,2024-04-02 15:00:00,2010.21,2291645585,-0.09
451,2024-04-02 15:00:00,2010.21,2291645585,-0.09
452,2024-04-02 15:00:00,2010.21,2291645585,-0.09
453,2024-04-02 15:00:00,2010.21,2291645585,-0.09
454,2024-04-02 15:00:00,2010.21,2291645585,-0.09
455,2024-04-02 15:00:00,2010.21,2291645585,-0.09
456,2024-04-02 15:00:00,2010.21,2291645585,-0.09
457,2024-04-02 15:00:00,2010.21,2291645585,-0.09
458,2024-04-02 15:00:00,2010.21,2291645585,-0.09
459,2024-04-02 15:00:00,2010.21,2291645585,-0.09
460,2024-04-02 15:00:00,2010.21,2291645585,-0.09
461,2024-04-02 15:00:00,2010.21,2291645585,-0.09
462,2024-04-02 15:00:00,2010.21,2291645585,-0.09
463,2024-04-02 15:00:00,2010.21,2291645585,-0.09
464,2024-04-02 15:00:00,2010.21,2291645585,-0.09
465,2024-04-02 15:00:00,2010.21,2291645585,-0.09
466,2024-04-02 15:00:00,2010.21,2291645585,-0.09
467,2024-04-02 15:00:00,2010.21,2291645585,-0.09
468,2024-04-02 15:00:00,2010.21,2291645585,-0.09
469,2024-04-02 15:00:00,2010.21,2291645585,-0.09
470,2024-04-02 15:00:00,2010.21,2291645585,-0.09
471,2024-04-02 15:00:00,2010.21,2291645585,-0.09
472,2024-04-02 15:00:00,2010.21,2291645585,-0.09
473,2024-04-02 15:00:00,2010.21,2291645585,-0.09
474,2024-04-02 15:00:00,2010.21,2291645585,-0.09
475,2024-04-02 15:00:00,2010.21,2291645585,-0.09
476,2024-04-02 15:00:00,2010.21,2291645585,-0.09
477,2024-04-02 15:00:00,2010.21,2291645585,-0.09
478,2024-04-02 15:00:00,2010.21,2291645585,-0.09
479,2024-04-02 15:00:00,2010.21,2291645585,-0.09
480,2024-04-02 15:00:00,2010.21,2291645585,-0.09
481,2024-04-02 15:00:00,2010.21,2291645585,-0.09
482,2024-04-02 15:00:00,2010.21,2291645585,-0.09
483,2024-04-02 15:00:00,2010.21,2291645585,-0.09
484,2024-04-02 15:00:00,2010.21,2291645585,-0.09
485,2024-04-02 15:00:00,2010.21,2291645585,-0.09
486,2024-04-02 15:00:00,2010.21,2291645585,-0.09
487,2024-04-02 15:00:00,2010.21,2291645585,-0.09
488,2024-04-02 15:00:00,2010.21,2291645585,-0.09
489,2024-04-02 15:00:00,2010.21,2291645585,-0.09
490,2024-04-02 15:00:00,2010.21,2291645585,-0.09
491,2024-04-02 15:00:00,2010.21,2291645585,-0.09
492,2024-04-02 15:00:00,2010.21,2291645585,-0.09
493,2024-04-02 15:00:00,2010.21,2291645585,-0.09
494,2024-04-02 15:00:00,2010.21,2291645585,-0.09
495,2024-04-02 15:00:00,2010.21,2291645585,-0.09
496,2024-04-02 15:00:00,2010.21,2291645585,-0.09
497,2024-04-02 15:00:00,2010.21,2291645585,-0.09
498,2024-04-02 15:00:00,2010.21,2291645585,-0.09
499,2024-04-02 15:00:00,2010.21,2291645585,-0.09
500,2024-04-02 15:00:00,2010.21,2291645585,-0.09
501,2024-04-02 15:00:00,2010.21,2291645585,-0.09
502,2024-04-02 15:00:00,2010.21,2291645585,-0.09
503,2024-04-02 15:00:00,2010.21,2291645585,-0.09
504,2024-04-02 15:00:00,2010.21,2291645585,-0.09
505,2024-04-02 15:00:00,2010.21,2291645585,-0.09
506,2024-04-02 15:00:00,2010.21,2291645585,-0.09
507,2024-04-02 15:00:00,2010.21,2291645585,-0.09
508,2024-04-02 15:00:00,2010.21,2291645585,-0.09
509,2024-04-02 15:00:00,2010.21,2291645585,-0.09
510,2024-04-02 15:00:00,2010.21,2291645585,-0.09
511,2024-04-02 15:00:00,2010.21,2291645585,-0.09
512,2024-04-02 15:00:00,2010.21,2291645585,-0.09
513,2024-04-02 15:00:00,2010.21,2291645585,-0.09
514,2024-04-02 15:00:00,2010.21,2291645585,-0.09
515,2024-04-02 15:00:00,2010.21,2291645585,-0.09
516,2024-04-02 15:00:00,2010.21,2291645585,-0.09
517,2024-04-02 15:00:00,2010.21,2291645585,-0.09
518,2024-04-02 15:00:00,2010.21,2291645585,-0.09
519,2024-04-02 15:00:00,2010.21,2291645585,-0.09
520,2024-04-02 15:00:00,2010.21,2291645585,-0.09
521,2024-04-02 15:00:00,2010.21,2291645585,-0.09
522,2024-04-02 15:00:00,2010.21,2291645585,-0.09
523,2024-04-02 15:00:00,2010.21,2291645585,-0.09
524,2024-04-02 15:00:00,2010.21,2291645585,-0.09
525,2024-04-02 15:00:00,2010.21,2291645585,-0.09
526,2024-04-02 15:00:00,2010.21,2291645585,-0.09
527,2024-04-02 15:00:00,2010.21,2291645585,-0.09
528,2024-04-02 15:00:00,2010.21,2291645585,-0.09
529,2024-04-02 15:00:00,2010.21,2291645585,-0.09
530,2024-04-02 15:00:00,2010.21,2291645585,-0.09
531,2024-04-02 15:00:00,2010.21,2291645585,-0.09
532,2024-04-02 15:00:00,2010.21,2291645585,-0.09
533,2024-04-02 15:00:00,2010.21,2291645585,-0.09
534,2024-04-02 15:00:00,2010.21,2291645585,-0.09
535,2024-04-02 15:00:00,2010.21,2291645585,-0.09
536,2024-04-02 15:00:00,2010.21,2291645585,-0.09
537,2024-04-02 15:00:00,2010.21,2291645585,-0.09
538,2024-04-02 15:00:00,2010.21,2291645585,-0.09
539,2024-04-02 15:00:00,2010.21,2291645585,-0.09
540,2024-04-02 15:00:00,2010.21,2291645585,-0.09
541,2024-04-02 15:00:00,2010.21,2291645585,-0.09
542,2024-04-02 15:00:00,2010.21,2291645585,-0.09
543,2024-04-02 15:00:00,2010.21,2291645585,-0.09
544,2024-04-02 15:00:00,2010.21,2291645585,-0.09
545,2024-04-02 15:00:00,2010.21,2291645585,-0.09
546,2024-04-02 15:00:00,2010.21,2291645585,-0.09
547,2024-04-02 15:00:00,2010.21,2291645585,-0.09
548,2024-04-02 15:00:00,2010.21,2291645585,-0.09
549,2024-04-02 15:00:00,2010.21,2291645585,-0.09
550,2024-04-02 15:00:00,2010.21,2291645585,-0.09
551,2024-04-02 15:00:00,2010.21,2291645585,-0.09
552,2024-04-02 15:00:00,2010.21,2291645585,-0.09
553,2024-04-02 15:00:00,2010.21,2291645585,-0.09
554,2024-04-02 15:00:00,2010.21,2291645585,-0.09
555,2024-04-02 15:00:00,2010.21,2291645585,-0.09
556,2024-04-02 15:00:00,2010.21,2291645585,-0.09
557,2024-04-02 15:00:00,2010.21,2291645585,-0.09
558,2024-04-02 15:00:00,2010.21,2291645585,-0.09
559,2024-04-02 15:00:00,2010.21,2291645585,-0.09
560,2024-04-02 15:00:00,2010.21,2291645585,-0.09
561,2024-04-02 15:00:00,2010.21,2291645585,-0.09
562,2024-04-02 15:00:00,2010.21,2291645585,-0.09
563,2024-04-02 15:00:00,2010.21,2291645585,-0.09
564,2024-04-02 15:00:00,2010.21,2291645585,-0.09
565,2024-04-02 15:00:00,2010.21,2291645585,-0.09
566,2024-04-02 15:00:00,2010.21,2291645585,-0.09
567,2024-04-02 15:00:00,2010.21,2291645585,-0.09
568,2024-04-02 15:00:00,2010.21,2291645585,-0.09
569,2024-04-02 15:00:00,2010.21,2291645585,-0.09
570,2024-04-02 15:00:00,2010.21,2291645585,-0.09
571,2024-04-04 15:00:00,2004.05,3037267308,-0.13
572,2024-04-04 15:00:00,2004.05,3037267308,-0.13
573,2024-04-04 15:00:00,2004.05,3037267308,-0.13
574,2024-04-04 15:00:00,2004.05,3037267308,-0.13
575,2024-04-04 15:00:00,2004.05,3037267308,-0.13
576,2024-04-04 15:00:00,2004.05,3037267308,-0.13
