,date,open,high,low,close,volume
0,2019-01-27,1171.35,1171.72,1160.84,1160.84,306070000.0
1,2019-01-28,1162.94,1164.89,1161.48,1164.89,203579000.0
2,2019-01-29,1164.91,1165.09,1160.1,1160.99,259283000.0
3,2019-01-30,1160.53,1163.27,1159.35,1160.59,190573000.0
4,2019-01-31,1162.34,1163.86,1160.26,1161.63,268245000.0
5,2019-02-03,1160.57,1161.22,1152.16,1153.06,321743000.0
6,2019-02-04,1152.98,1155.08,1144.27,1144.27,322761000.0
7,2019-02-05,1143.58,1149.4,1143.39,1147.1,221967000.0
8,2019-02-06,1147.23,1147.31,1139.09,1139.72,226249000.0
9,2019-02-07,1139.29,1140.62,1137.14,1139.57,242260000.0
10,2019-02-10,1138.62,1138.86,1125.83,1127.53,228292000.0
11,2019-02-11,1126.46,1132.37,1124.51,1128.86,191024000.0
12,2019-02-12,1131.32,1132.5,1126.42,1128.19,156376000.0
13,2019-02-13,1129.86,1132.39,1121.08,1121.08,230651000.0
14,2019-02-14,1120.19,1120.3,1112.15,1112.87,231671000.0
15,2019-02-17,1117.7,1122.1,1107.92,1109.72,194345000.0
16,2019-02-18,1110.27,1111.14,1101.81,1102.51,208487000.0
17,2019-02-19,1103.35,1124.23,1102.3,1124.23,202684000.0
18,2019-02-20,1128.97,1128.97,1112.33,1112.23,154584000.0
19,2019-02-21,1113.6,1114.14,1110.15,1113.07,157692000.0
20,2019-02-24,1115.2,1115.25,1102.32,1102.32,193957000.0
21,2019-02-25,1102.45,1109.73,1100.13,1109.73,182429000.0
22,2019-02-26,1109.77,1110.22,1101.59,1102.56,149262000.0
23,2019-02-27,1103.65,1111.04,1103.17,1105.53,204517000.0
24,2019-03-03,1108.26,1108.84,1100.58,1100.58,221026000.0
25,2019-03-05,1100.95,1104.61,1098.95,1102.64,213341000.0
26,2019-03-06,1103.17,1111.76,1100.97,1111.76,211805000.0
27,2019-03-07,1112.45,1127.77,1112.45,1127.77,283819000.0
28,2019-03-10,1127.29,1129.41,1118.21,1128.71,102317000.0
29,2019-03-11,1129.51,1142.93,1125.94,1142.93,382285000.0
30,2019-03-12,1148.69,1163.26,1143.99,1163.26,513877000.0
31,2019-03-13,1157.85,1166.24,1150.1,1150.1,407008000.0
32,2019-03-14,1149.64,1156.19,1142.89,1155.5,263186000.0
33,2019-03-17,1156.18,1165.19,1156.18,1161.45,316538000.0
34,2019-03-18,1161.05,1164.62,1153.98,1153.98,279032000.0
35,2019-03-19,1155.72,1158.78,1147.15,1147.15,129145000.0
36,2019-03-21,1148.61,1150.3,1140.0,1140.6,248614000.0
37,2019-03-24,1141.33,1142.14,1131.14,1134.8,211913000.0
38,2019-03-25,1134.65,1139.71,1132.06,1138.67,216906000.0
39,2019-03-26,1138.86,1140.9,1136.7,1140.72,190317000.0
40,2019-03-27,1140.69,1142.81,1140.16,1142.61,208898000.0
41,2019-03-28,1142.0,1144.53,1140.56,1144.53,215417000.0
42,2019-03-31,1145.95,1149.81,1139.68,1143.09,241951000.0
43,2019-04-01,1142.65,1152.05,1142.06,1149.99,326449000.0
44,2019-04-02,1153.89,1164.41,1153.89,1163.82,472345000.0
45,2019-04-03,1163.71,1172.4,1158.79,1165.84,524422000.0
46,2019-04-04,1165.85,1169.87,1159.9,1165.2,386452000.0
47,2019-04-07,1164.94,1182.36,1161.66,1182.36,518228000.0
48,2019-04-08,1183.46,1197.88,1179.47,1191.68,864143000.0
49,2019-04-09,1191.78,1194.62,1180.0,1181.1,622530000.0
50,2019-04-10,1181.72,1187.98,1174.88,1184.61,358990000.0
51,2019-04-11,1184.29,1189.98,1180.18,1184.02,387624000.0
52,2019-04-15,1184.22,1188.71,1181.95,1188.71,289871000.0
53,2019-04-16,1187.73,1212.05,1187.73,1212.05,723990000.0
54,2019-04-17,1212.34,1223.42,1210.35,1217.04,803245000.0
55,2019-04-18,1217.11,1232.26,1214.95,1232.26,732081000.0
56,2019-04-21,1232.53,1264.2,1230.22,1264.2,1004000000.0
57,2019-04-22,1264.77,1280.08,1247.65,1256.94,1000550000.0
58,2019-04-23,1256.61,1268.32,1248.5,1260.68,561851000.0
59,2019-04-24,1265.11,1280.84,1261.69,1279.29,921346000.0
60,2019-04-25,1279.67,1296.92,1279.67,1292.12,1335980000.0
61,2019-04-28,1293.77,1322.88,1293.77,1314.51,1616090000.0
62,2019-04-29,1318.44,1322.95,1299.09,1310.31,1160230000.0
63,2019-04-30,1310.65,1316.53,1296.07,1298.6,913018000.0
64,2019-05-02,1298.8,1300.43,1282.95,1294.39,573145000.0
65,2019-05-05,1293.71,1293.71,1276.73,1277.68,628641000.0
66,2019-05-06,1278.0,1299.41,1270.06,1299.41,619565000.0
67,2019-05-07,1298.35,1311.18,1295.73,1301.28,699849000.0
68,2019-05-08,1301.39,1304.15,1295.32,1297.6,494902000.0
69,2019-05-09,1297.57,1302.62,1290.11,1291.96,605087000.0
70,2019-05-12,1292.12,1295.03,1284.17,1295.03,672155000.0
71,2019-05-13,1295.99,1301.68,1295.99,1301.34,775122000.0
72,2019-05-14,1307.84,1321.0,1307.84,1315.45,1007530000.0
73,2019-05-15,1316.79,1334.06,1316.21,1321.0,1302630000.0
74,2019-05-16,1322.68,1326.69,1313.93,1318.71,881397000.0
75,2019-05-19,1319.33,1322.09,1312.81,1316.84,1055840000.0
76,2019-05-20,1319.21,1322.85,1305.43,1307.71,1164890000.0
77,2019-05-21,1308.4,1317.79,1304.59,1312.14,796717000.0
78,2019-05-22,1314.94,1322.47,1314.82,1319.63,918485000.0
79,2019-05-23,1321.69,1324.15,1309.12,1314.55,913236000.0
80,2019-05-26,1315.97,1317.86,1301.32,1302.61,603897000.0
81,2019-05-27,1302.98,1309.9,1298.36,1302.96,499910000.0
82,2019-05-28,1304.22,1307.08,1300.45,1305.49,749069000.0
83,2019-05-29,1307.3,1315.16,1307.13,1313.88,884201000.0
84,2019-05-30,1328.62,1349.38,1317.67,1319.47,1504460000.0
85,2019-06-02,1317.91,1317.91,1304.53,1305.68,735995000.0
86,2019-06-03,1306.88,1308.63,1291.02,1292.84,664590000.0
87,2019-06-04,1292.86,1297.91,1286.37,1289.28,694591000.0
88,2019-06-06,1296.5,1296.8,1284.59,1284.59,579563000.0
89,2019-06-10,1285.49,1289.54,1274.62,1275.82,553347000.0
90,2019-06-11,1276.26,1281.32,1274.82,1275.99,459071000.0
91,2019-06-12,1276.09,1277.04,1267.17,1272.49,399465000.0
92,2019-06-13,1272.91,1274.83,1264.46,1269.55,418750000.0
93,2019-06-16,1271.18,1271.27,1256.85,1258.27,472521000.0
94,2019-06-17,1259.38,1264.97,1254.52,1260.9,403538000.0
95,2019-06-18,1261.04,1263.56,1258.36,1258.66,359411000.0
96,2019-06-19,1258.25,1262.11,1256.72,1258.46,304190000.0
97,2019-06-20,1258.9,1266.33,1257.93,1264.36,375315000.0
98,2019-06-23,1264.53,1264.53,1253.43,1254.35,481860000.0
99,2019-06-24,1254.67,1260.1,1253.01,1260.1,481493000.0
100,2019-06-25,1260.23,1264.52,1259.35,1261.07,364773000.0
101,2019-06-26,1261.1,1261.49,1255.45,1258.29,570123000.0
102,2019-06-27,1259.16,1260.43,1256.63,1257.15,627909000.0
103,2019-06-30,1258.31,1258.85,1244.81,1244.89,645099000.0
104,2019-07-01,1245.58,1245.68,1237.43,1241.61,364344000.0
105,2019-07-02,1242.83,1253.06,1238.77,1253.06,429477000.0
106,2019-07-03,1253.52,1270.04,1249.5,1268.68,550248000.0
107,2019-07-04,1269.48,1272.79,1258.87,1260.47,670170000.0
108,2019-07-07,1262.98,1263.82,1255.01,1256.04,540529000.0
109,2019-07-08,1256.15,1257.57,1245.62,1247.35,591054000.0
110,2019-07-09,1247.41,1252.2,1244.36,1250.27,468264000.0
111,2019-07-10,1250.43,1251.89,1246.15,1249.15,573447000.0
112,2019-07-11,1249.46,1251.09,1247.63,1248.53,460037000.0
113,2019-07-14,1248.94,1253.09,1248.59,1249.49,285215000.0
114,2019-07-15,1250.09,1254.56,1249.17,1254.56,430526000.0
115,2019-07-16,1285.48,1285.5,1256.46,1259.01,347289000.0
116,2019-07-17,1258.94,1274.86,1258.81,1274.86,426743000.0
117,2019-07-18,1275.71,1283.63,1272.49,1272.49,411369000.0
118,2019-07-21,1276.29,1276.31,1265.6,1268.74,298157000.0
119,2019-07-22,1268.77,1272.38,1267.92,1271.23,316643000.0
120,2019-07-23,1271.24,1279.42,1271.22,1277.17,368981000.0
121,2019-07-24,1277.48,1284.99,1276.07,1284.07,443481000.0
122,2019-07-25,1284.41,1284.41,1269.35,1269.92,550532000.0
123,2019-07-28,1266.63,1266.63,1250.18,1252.8,492674000.0
124,2019-07-29,1252.72,1259.69,1252.72,1255.98,350813000.0
125,2019-07-30,1256.01,1262.16,1256.01,1259.37,294305000.0
126,2019-07-31,1259.53,1267.73,1257.91,1265.57,370002000.0
127,2019-08-01,1265.52,1270.88,1262.55,1263.84,590588000.0
128,2019-08-04,1263.87,1266.37,1258.27,1259.64,474152000.0
129,2019-08-05,1260.3,1261.63,1253.5,1255.09,443205000.0
130,2019-08-06,1255.74,1255.74,1243.74,1245.73,450755000.0
131,2019-08-07,1245.2,1249.98,1239.55,1248.48,368646000.0
132,2019-08-08,1248.91,1248.91,1237.7,1238.56,454630000.0
133,2019-08-11,1236.62,1237.97,1229.69,1233.71,311757000.0
134,2019-08-12,1234.68,1236.82,1232.11,1233.85,314229000.0
135,2019-08-13,1234.59,1236.47,1229.06,1231.07,481630000.0
136,2019-08-14,1230.97,1231.49,1224.43,1225.9,257285000.0
137,2019-08-15,1225.11,1226.06,1221.8,1224.03,424323000.0
138,2019-08-18,1224.03,1226.07,1214.33,1214.83,329528000.0
139,2019-08-19,1214.96,1229.5,1210.8,1222.06,389625000.0
140,2019-08-20,1222.04,1222.87,1212.1,1213.63,272509000.0
141,2019-08-21,1213.96,1216.3,1209.77,1214.05,292642000.0
142,2019-08-22,1214.37,1220.9,1212.43,1213.06,261670000.0
143,2019-08-25,1212.76,1213.23,1201.71,1209.62,350270000.0
144,2019-08-26,1209.7,1210.24,1199.31,1203.13,380597000.0
145,2019-08-27,1203.42,1212.3,1203.4,1208.0,244668000.0
146,2019-08-28,1209.7,1213.46,1197.32,1197.75,371023000.0
147,2019-08-29,1198.49,1201.23,1194.09,1196.41,277360000.0
148,2019-09-01,1196.6,1198.51,1184.06,1184.78,297398000.0
149,2019-09-02,1184.93,1190.88,1167.81,1170.34,407570000.0
150,2019-09-03,1170.87,1190.9,1156.72,1190.9,510552000.0
151,2019-09-04,1192.21,1198.48,1183.4,1194.77,436445000.0
152,2019-09-05,1195.89,1196.92,1189.05,1191.07,290177000.0
153,2019-09-08,1192.07,1192.33,1176.41,1178.46,305311000.0
154,2019-09-09,1178.47,1180.28,1166.09,1168.91,299201000.0
155,2019-09-10,1168.91,1172.82,1161.2,1166.67,237960000.0
156,2019-09-11,1166.68,1168.06,1161.95,1163.21,341745000.0
157,2019-09-12,1163.71,1164.09,1156.37,1157.88,376184000.0
158,2019-09-15,1157.68,1160.55,1140.01,1140.01,288100000.0
159,2019-09-16,1140.49,1140.55,1122.02,1123.83,343918000.0
160,2019-09-17,1127.26,1152.51,1127.26,1150.74,383957000.0
161,2019-09-18,1150.65,1173.14,1150.65,1172.15,455312000.0
162,2019-09-19,1173.44,1178.28,1155.3,1155.3,399931000.0
163,2019-09-22,1155.3,1157.79,1135.18,1139.25,226950000.0
164,2019-09-23,1139.92,1147.85,1137.87,1140.98,177279000.0
165,2019-09-24,1140.99,1141.62,1132.72,1134.56,218278000.0
166,2019-09-25,1134.56,1135.26,1130.88,1131.53,166922000.0
167,2019-09-26,1131.52,1133.8,1128.61,1129.8,212541000.0
168,2019-09-29,1129.81,1131.87,1123.66,1125.14,241499000.0
169,2019-09-30,1125.49,1135.56,1121.09,1135.56,168829000.0
170,2019-10-01,1135.05,1146.11,1134.82,1145.69,311489000.0
171,2019-10-02,1145.69,1149.7,1140.07,1140.71,203287000.0
172,2019-10-03,1142.44,1149.4,1138.58,1149.4,176634000.0
173,2019-10-10,1149.03,1151.81,1148.13,1149.01,63845400.0
174,2019-10-14,1149.01,1151.52,1135.04,1136.96,218636000.0
175,2019-10-15,1138.38,1142.04,1135.86,1142.04,222452000.0
176,2019-10-16,1142.39,1142.71,1136.0,1137.03,196619000.0
177,2019-10-17,1137.03,1140.38,1135.87,1137.75,182995000.0
178,2019-10-20,1137.69,1138.99,1132.58,1133.71,113360000.0
179,2019-10-21,1133.73,1135.84,1130.14,1132.4,164350000.0
180,2019-10-22,1132.45,1134.81,1130.21,1134.79,165296000.0
181,2019-10-23,1135.4,1142.82,1135.4,1142.6,163758000.0
182,2019-10-24,1142.41,1150.47,1141.39,1149.34,327632000.0
183,2019-10-31,1149.74,1151.48,1143.07,1146.17,254312000.0
184,2019-11-03,1145.83,1146.88,1136.39,1139.29,175544000.0
185,2019-11-04,1139.57,1141.13,1135.96,1140.26,191854000.0
186,2019-11-05,1140.21,1141.86,1138.66,1139.45,284473000.0
187,2019-11-06,1139.49,1141.08,1136.74,1138.02,206254000.0
188,2019-11-07,1138.27,1139.36,1131.33,1131.97,374151000.0
189,2019-11-10,1132.47,1135.9,1129.89,1131.8,293149000.0
190,2019-11-11,1132.7,1147.74,1132.7,1145.57,549998000.0
191,2019-11-12,1146.14,1147.06,1138.57,1139.96,379849000.0
192,2019-11-13,1140.65,1140.65,1133.49,1135.16,275428000.0
193,2019-11-14,1135.15,1139.41,1133.67,1135.95,228357000.0
194,2019-11-17,1135.73,1137.25,1129.15,1131.36,355160000.0
195,2019-11-18,1131.4,1133.43,1128.0,1131.12,356862000.0
196,2019-11-19,1131.13,1132.4,1127.91,1129.99,259331000.0
197,2019-11-20,1130.01,1139.74,1127.63,1128.34,303724000.0
198,2019-11-21,1128.34,1128.69,1118.1,1120.6,297797000.0
199,2019-11-24,1120.62,1121.94,1108.76,1110.08,280534000.0
200,2019-11-25,1110.11,1112.15,1102.46,1110.08,288858000.0
201,2019-11-26,1110.08,1111.76,1107.57,1109.16,295869000.0
202,2019-11-27,1109.09,1117.46,1108.02,1117.46,212364000.0
203,2019-11-28,1117.64,1119.63,1112.79,1112.79,243391000.0
204,2019-12-01,1112.79,1114.31,1109.97,1112.85,206314000.0
205,2019-12-02,1112.87,1113.73,1110.98,1111.99,232259000.0
206,2019-12-03,1112.06,1117.82,1111.19,1115.74,266802000.0
207,2019-12-04,1116.12,1128.0,1116.12,1124.47,308214000.0
208,2019-12-05,1124.47,1134.93,1124.44,1131.92,358840000.0
209,2019-12-08,1131.92,1135.37,1125.81,1135.37,287528000.0
210,2019-12-09,1135.36,1155.06,1132.88,1148.89,464220000.0
211,2019-12-10,1149.09,1158.11,1147.43,1151.36,500329000.0
212,2019-12-11,1155.05,1166.15,1153.14,1161.47,551378000.0
213,2019-12-12,1162.25,1175.3,1159.91,1172.64,675173000.0
214,2019-12-15,1172.44,1181.7,1167.86,1167.86,686076000.0
215,2019-12-16,1167.82,1170.56,1153.23,1154.11,407901000.0
216,2019-12-17,1154.86,1158.36,1150.66,1155.37,279244000.0
217,2019-12-18,1155.32,1158.15,1150.14,1152.07,294710000.0
218,2019-12-19,1152.06,1154.28,1148.35,1149.64,419088000.0
219,2019-12-22,1149.62,1151.3,1147.67,1150.81,374466000.0
220,2019-12-23,1150.92,1168.79,1150.92,1168.58,595765000.0
221,2019-12-24,1169.32,1176.7,1164.85,1166.21,721643000.0
222,2019-12-25,1166.56,1173.14,1165.77,1168.03,538341000.0
223,2019-12-26,1167.74,1170.45,1165.94,1167.41,588678000.0
224,2019-12-29,1166.86,1167.24,1159.23,1162.43,422454000.0
225,2019-12-30,1161.82,1167.95,1159.25,1167.95,622364000.0
226,2019-12-31,1168.61,1171.48,1163.02,1166.03,442256000.0
227,2020-01-01,1166.52,1169.5,1163.99,1169.5,372988000.0
228,2020-01-02,1168.63,1169.27,1165.24,1166.21,532211000.0
229,2020-01-05,1166.49,1187.33,1163.39,1182.31,712426000.0
230,2020-01-06,1183.35,1200.69,1183.35,1200.69,842582000.0
231,2020-01-07,1200.65,1218.14,1200.65,1216.92,1102740000.0
232,2020-01-08,1217.82,1223.66,1207.26,1209.6,732169000.0
233,2020-01-09,1209.87,1216.23,1206.49,1213.11,837036000.0
234,2020-01-12,1213.19,1255.72,1213.19,1255.72,1335750000.0
235,2020-01-13,1260.01,1285.5,1259.34,1270.86,1665520000.0
236,2020-01-14,1271.11,1274.86,1254.3,1263.38,1026440000.0
237,2020-01-15,1263.32,1287.2,1263.32,1284.23,893677000.0
238,2020-01-16,1284.28,1313.19,1284.28,1310.23,1682330000.0
239,2020-01-19,1310.26,1349.1,1310.26,1343.65,2090880000.0
240,2020-01-20,1342.7,1359.32,1308.62,1317.11,1953780000.0
241,2020-01-21,1318.65,1331.28,1309.14,1320.47,1519980000.0
242,2020-01-22,1324.32,1325.69,1310.64,1313.42,1581380000.0
243,2020-01-23,1314.16,1320.76,1295.8,1297.47,1384210000.0
244,2020-01-26,1298.67,1299.46,1275.52,1276.68,965019000.0
245,2020-01-27,1276.68,1300.62,1274.03,1300.62,917360000.0
246,2020-01-28,1300.65,1316.44,1300.65,1306.15,1400470000.0
247,2020-01-29,1306.16,1311.74,1302.14,1305.88,1293710000.0
248,2020-01-30,1306.29,1331.83,1306.29,1325.38,1966220000.0
249,2020-02-02,1325.62,1349.68,1331.87,1346.64,2077990000.0
250,2020-02-03,1348.12,1355.27,1339.6,1349.13,1611720000.0
251,2020-02-04,1351.01,1353.27,1334.09,1337.04,1570170000.0
252,2020-02-05,1338.5,1342.62,1335.72,1342.36,1082480000.0
253,2020-02-06,1341.03,1346.6,1331.02,1333.69,1049350000.0
254,2020-02-09,1332.91,1333.85,1316.1,1319.99,950403000.0
255,2020-02-10,1320.77,1329.84,1315.37,1324.26,932086000.0
256,2020-02-11,1324.31,1342.91,1323.69,1341.38,1532250000.0
257,2020-02-12,1341.07,1353.29,1340.87,1345.97,1509780000.0
258,2020-02-13,1346.45,1354.88,1342.9,1344.59,1773810000.0
259,2020-02-16,1344.73,1363.97,1344.73,1363.97,1978110000.0
260,2020-02-17,1364.34,1403.21,1364.34,1398.24,2687530000.0
261,2020-02-18,1399.47,1416.87,1387.68,1400.01,2125980000.0
262,2020-02-19,1399.29,1406.25,1389.12,1405.25,1628840000.0
263,2020-02-20,1405.51,1434.57,1405.51,1434.57,2785000000.0
264,2020-02-23,1435.87,1509.92,1435.87,1504.14,3608530000.0
265,2020-02-24,1507.98,1536.83,1499.04,1502.18,3410520000.0
266,2020-02-25,1504.8,1544.07,1480.24,1545.19,2992160000.0
267,2020-02-26,1548.32,1596.13,1548.32,1596.13,4154880000.0
268,2020-02-27,1598.81,1635.51,1558.65,1632.17,4460540000.0
269,2020-03-01,1639.87,1667.74,1591.36,1591.36,4847440000.0
270,2020-03-02,1593.08,1593.5,1495.3,1495.3,2154430000.0
271,2020-03-03,1491.23,1540.59,1439.53,1509.67,3851620000.0
272,2020-03-04,1511.41,1513.43,1439.38,1441.2,2908470000.0
273,2020-03-05,1442.92,1464.62,1408.82,1435.7,2457090000.0
274,2020-03-10,1435.86,1436.66,1349.31,1349.31,1076700000.0
275,2020-03-11,1349.86,1423.09,1349.86,1423.09,2221080000.0
276,2020-03-12,1424.6,1430.77,1371.56,1377.18,2206660000.0
277,2020-03-15,1362.25,1362.25,1310.71,1313.04,2101420000.0
278,2020-03-16,1312.69,1334.12,1291.67,1316.39,1615340000.0
279,2020-03-17,1316.74,1321.26,1266.44,1272.06,1465180000.0
280,2020-03-18,1272.1,1286.46,1234.16,1255.8,1184420000.0
281,2020-03-19,1249.26,1278.93,1223.04,1269.3,1903140000.0
282,2020-03-22,1269.08,1275.42,1246.2,1251.45,194643000.0
283,2020-05-12,1250.95,1250.95,1226.15,1226.15,104373000.0
284,2020-05-13,1225.68,1225.68,1201.57,1201.57,3613520.0
285,2020-06-29,1197.09,1200.64,1149.73,1188.7,347772000.0
286,2020-06-30,1187.25,1260.75,1185.72,1260.75,227212000.0
287,2020-07-01,1261.54,1336.52,1261.54,1336.52,407352000.0
288,2020-07-02,1351.89,1362.35,1256.11,1256.11,476655000.0
289,2020-07-05,1256.18,1280.93,1246.8,1265.45,1033390000.0
290,2020-07-06,1266.08,1298.73,1259.94,1298.73,927841000.0
291,2020-07-07,1299.72,1345.96,1299.72,1336.66,1199040000.0
292,2020-07-08,1338.54,1343.59,1319.1,1326.53,1078460000.0
293,2020-07-09,1327.13,1333.25,1312.01,1331.27,908086000.0
294,2020-07-12,1331.31,1351.82,1331.31,1340.29,1111090000.0
295,2020-07-13,1342.59,1352.69,1334.17,1342.4,1088720000.0
296,2020-07-14,1344.42,1349.24,1340.66,1347.44,994545000.0
297,2020-07-15,1347.88,1367.82,1347.88,1362.34,1160490000.0
298,2020-07-16,1364.24,1395.82,1362.62,1394.77,1041770000.0
299,2020-07-19,1408.51,1479.03,1408.51,1479.03,62566300.0
300,2020-07-20,1539.37,1556.19,1460.15,1464.94,2802230000.0
301,2020-07-21,1472.19,1479.3,1444.5,1449.94,1872220000.0
302,2020-07-22,1452.78,1461.29,1429.65,1432.44,1532510000.0
303,2020-07-23,1434.08,1440.32,1417.32,1442.61,1327140000.0
304,2020-07-26,1445.6,1464.88,1444.77,1465.1,1942680000.0
305,2020-07-27,1467.89,1475.2,1456.47,1462.48,1793920000.0
306,2020-07-28,1463.81,1466.04,1449.86,1454.89,1259750000.0
307,2020-07-29,1452.07,1452.07,1431.46,1431.52,1687090000.0
308,2020-07-30,1433.14,1444.06,1421.07,1439.06,1320270000.0
309,2020-08-02,1441.26,1441.26,1396.02,1396.28,1841240000.0
310,2020-08-03,1395.08,1411.13,1384.86,1403.86,1290250000.0
311,2020-08-05,1403.88,1403.88,1374.13,1382.66,1189530000.0
312,2020-08-06,1387.44,1388.68,1365.66,1381.37,920997000.0
313,2020-08-09,1383.98,1392.68,1363.22,1392.68,977896000.0
314,2020-08-10,1394.78,1430.41,1394.34,1430.41,1555520000.0
315,2020-08-11,1433.35,1441.31,1421.17,1423.81,1271740000.0
316,2020-08-12,1426.55,1427.15,1413.55,1425.32,951960000.0
317,2020-08-13,1431.89,1431.89,1407.43,1408.79,1048910000.0
318,2020-08-16,1407.85,1407.85,1381.89,1391.46,1259320000.0
319,2020-08-17,1391.79,1402.21,1385.7,1402.21,1074930000.0
320,2020-08-18,1403.98,1414.29,1400.81,1407.89,1239020000.0
321,2020-08-19,1409.44,1409.44,1388.17,1391.29,976235000.0
322,2020-08-20,1392.89,1403.75,1392.89,1397.57,393129000.0
323,2020-08-23,1399.48,1410.34,1394.09,1410.34,1108050000.0
324,2020-08-24,1413.09,1431.6,1413.09,1431.6,2139200000.0
325,2020-08-25,1435.21,1440.94,1428.74,1440.94,1855180000.0
326,2020-08-26,1445.47,1468.03,1445.47,1462.03,2656160000.0
327,2020-08-27,1467.07,1472.73,1454.96,1458.04,1981760000.0
328,2020-08-30,1459.16,1462.67,1444.92,1462.67,1614550000.0
329,2020-08-31,1466.57,1489.01,1466.57,1484.99,3462590000.0
330,2020-09-02,1509.4,1519.78,1499.72,1510.57,4181040000.0
331,2020-09-03,1524.19,1524.67,1497.47,1510.42,2634890000.0
332,2020-09-06,1538.42,1538.42,1494.97,1499.97,2782380000.0
333,2020-09-07,1503.37,1503.37,1483.65,1487.81,2164930000.0
334,2020-09-08,1491.33,1500.15,1477.25,1495.15,1798360000.0
335,2020-09-09,1501.86,1511.93,1495.11,1508.2,2563420000.0
336,2020-09-10,1514.13,1532.48,1512.53,1520.69,2170070000.0
337,2020-09-13,1528.15,1537.25,1522.28,1537.25,3386860000.0
338,2020-09-14,1545.68,1553.56,1538.43,1540.51,3134140000.0
339,2020-09-15,1544.71,1548.35,1531.05,1536.03,1800200000.0
340,2020-09-16,1537.35,1543.98,1530.67,1541.4,1845630000.0
341,2020-09-17,1555.86,1577.99,1547.13,1572.18,3315660000.0
342,2020-09-20,1595.47,1605.12,1574.08,1575.18,2742800000.0
343,2020-09-21,1587.82,1587.99,1561.49,1569.06,2637380000.0
344,2020-09-22,1576.55,1577.19,1541.75,1546.15,2810430000.0
345,2020-09-23,1543.37,1555.52,1535.03,1555.52,1727820000.0
346,2020-09-24,1565.31,1565.31,1554.38,1561.27,2233490000.0
347,2020-09-27,1569.06,1575.43,1562.11,1565.55,3138240000.0
348,2020-09-28,1566.44,1569.31,1557.42,1560.83,1690150000.0
349,2020-09-29,1564.92,1564.92,1552.77,1553.62,1829870000.0
350,2020-09-30,1561.58,1563.4,1542.57,1550.43,1953640000.0
351,2020-10-01,1553.95,1572.94,1553.95,1571.04,2807710000.0
352,2020-10-04,1577.77,1588.05,1577.77,1585.75,3178850000.0
353,2020-10-05,1587.31,1594.89,1580.65,1582.12,2578610000.0
354,2020-10-06,1588.01,1588.01,1581.75,1586.29,2510590000.0
355,2020-10-07,1593.04,1602.14,1587.59,1600.97,3358510000.0
356,2020-10-08,1607.52,1614.04,1586.96,1589.63,2862710000.0
357,2020-10-11,1594.01,1594.36,1574.62,1576.27,2395430000.0
358,2020-10-12,1580.14,1580.8,1566.7,1578.01,1949060000.0
359,2020-10-13,1583.29,1584.28,1567.23,1568.59,1819640000.0
360,2020-10-14,1572.35,1573.08,1560.45,1561.17,1496390000.0
361,2020-10-15,1564.69,1579.55,1560.69,1562.46,1425890000.0
362,2020-10-18,1565.9,1567.89,1554.14,1556.8,1252750000.0
363,2020-10-19,1556.85,1570.38,1555.46,1570.38,954656000.0
364,2020-10-20,1576.62,1583.6,1573.06,1583.6,1271830000.0
365,2020-10-21,1591.04,1597.71,1588.78,1597.71,1633250000.0
366,2020-10-22,1609.11,1609.52,1596.22,1606.25,1994540000.0
367,2020-10-28,1612.5,1647.45,1612.37,1647.45,2725990000.0
368,2020-10-29,1661.64,1663.41,1640.48,1645.67,3037690000.0
369,2020-11-01,1654.15,1654.15,1634.63,1640.95,2930940000.0
370,2020-11-02,1644.01,1646.9,1635.64,1637.63,2453950000.0
371,2020-11-03,1636.2,1644.61,1635.15,1643.03,2237960000.0
372,2020-11-04,1645.53,1645.7,1638.69,1640.64,1757420000.0
373,2020-11-05,1644.94,1645.08,1634.38,1636.17,2842470000.0
374,2020-11-08,1643.29,1648.58,1637.8,1648.58,3526780000.0
375,2020-11-09,1648.75,1661.32,1648.75,1652.8,3699880000.0
376,2020-11-10,1660.37,1678.79,1659.18,1678.79,4096190000.0
377,2020-11-11,1681.82,1707.67,1681.82,1707.67,4099600000.0
378,2020-11-12,1713.71,1722.32,1702.7,1718.49,4256480000.0
379,2020-11-18,1714.86,1741.81,1708.87,1741.81,4791040000.0
380,2020-11-19,1750.42,1779.21,1750.42,1778.12,6116730000.0
381,2020-11-22,1791.21,1811.63,1761.75,1782.81,6878790000.0
382,2020-11-23,1789.35,1792.41,1772.11,1780.43,4762700000.0
383,2020-11-24,1790.19,1813.86,1786.71,1810.11,5442950000.0
384,2020-11-25,1820.87,1874.81,1820.87,1874.81,5131890000.0
385,2020-11-26,1894.78,1926.91,1879.0,1893.24,7613030000.0
386,2020-11-29,1912.11,1971.42,1912.11,1968.27,9227350000.0
387,2020-11-30,2000.0,2028.45,1971.24,1997.05,8867720000.0
388,2020-12-01,2009.46,2022.25,1966.18,2000.4,7404150000.0
389,2020-12-02,2016.82,2077.7,2016.82,2071.02,7463480000.0
390,2020-12-03,2090.79,2118.41,2040.99,2055.45,8026020000.0
391,2020-12-06,2051.51,2051.51,1932.11,1932.11,7209180000.0
392,2020-12-07,1929.46,2004.39,1914.42,2004.39,6667960000.0
393,2020-12-08,2033.97,2047.35,1982.07,1995.35,5719440000.0
394,2020-12-09,2006.4,2009.81,1948.98,1955.75,4745650000.0
395,2020-12-10,1954.6,1974.12,1938.92,1964.02,4146320000.0
396,2020-12-13,1973.75,2010.45,1967.44,2010.45,4899480000.0
397,2020-12-14,2022.72,2069.06,2022.72,2067.17,7204140000.0
398,2020-12-15,2085.56,2100.96,2050.9,2061.41,6069330000.0
399,2020-12-16,2097.2,2097.2,2041.85,2055.22,5144680000.0
400,2020-12-17,2058.72,2059.8,2025.19,2032.51,6769890000.0
401,2020-12-20,2046.57,2046.57,1935.4,1935.63,8612860000.0
402,2020-12-21,1919.05,1977.42,1874.07,1965.96,6698870000.0
403,2020-12-22,1987.47,2061.41,1987.47,2061.41,6740740000.0
404,2020-12-23,2094.27,2127.22,2063.13,2068.45,6862450000.0
405,2020-12-24,2091.59,2091.59,2025.65,2038.63,5369050000.0
406,2020-12-27,2047.12,2047.19,1994.8,1998.65,4623450000.0
407,2020-12-28,1998.81,2013.51,1981.5,2007.29,3850320000.0
408,2020-12-29,2016.26,2031.47,2009.38,2012.89,4092230000.0
409,2020-12-30,2023.59,2062.06,2023.4,2062.06,4446220000.0
410,2020-12-31,2079.37,2112.59,2073.8,2087.27,5703470000.0
411,2021-01-03,2104.85,2175.39,2104.85,2175.39,6344020000.0
412,2021-01-04,2207.05,2216.44,2154.0,2169.04,5961730000.0
413,2021-01-05,2167.82,2182.39,2149.74,2165.49,4566380000.0
414,2021-01-06,2170.82,2185.2,2170.31,2178.57,4425470000.0
415,2021-01-07,2181.27,2204.97,2179.09,2194.48,5874710000.0
416,2021-01-10,2201.38,2238.24,2201.38,2235.72,6326650000.0
417,2021-01-11,2264.27,2266.44,2229.13,2239.42,5524830000.0
418,2021-01-12,2243.16,2267.73,2233.61,2267.73,4982390000.0
419,2021-01-13,2279.04,2296.17,2277.26,2286.54,5914390000.0
420,2021-01-17,2299.33,2316.8,2297.5,2315.0,6374270000.0
421,2021-01-18,2333.87,2340.57,2319.58,2332.31,6314660000.0
422,2021-01-19,2361.99,2362.86,2304.98,2326.9,7467440000.0
423,2021-01-20,2361.52,2362.99,2322.72,2342.76,6210970000.0
424,2021-01-21,2372.86,2376.13,2354.7,2374.64,7798530000.0
425,2021-01-24,2396.74,2429.11,2396.74,2424.84,9376050000.0
426,2021-01-25,2447.01,2456.22,2408.87,2440.87,8903540000.0
427,2021-01-26,2461.42,2462.28,2419.89,2423.09,8279700000.0
428,2021-01-27,2433.74,2449.42,2416.62,2441.85,8006240000.0
429,2021-01-28,2460.83,2460.83,2420.64,2425.29,9898460000.0
430,2021-01-31,2425.53,2425.53,2366.46,2370.54,8973210000.0
431,2021-02-01,2372.04,2413.18,2372.04,2408.24,6972940000.0
432,2021-02-02,2434.48,2473.73,2429.9,2473.73,8593470000.0
433,2021-02-03,2490.53,2519.85,2457.99,2466.92,9531720000.0
434,2021-02-04,2479.6,2481.59,2443.68,2475.26,7615070000.0
435,2021-02-07,2486.79,2524.0,2486.79,2524.0,10442000000.0
436,2021-02-08,2553.78,2563.29,2538.83,2561.47,10619200000.0
437,2021-02-09,2562.43,2585.15,2524.44,2532.46,8146270000.0
438,2021-02-10,2544.8,2547.76,2511.03,2543.03,7649410000.0
439,2021-02-11,2552.33,2565.13,2524.81,2526.92,8411730000.0
440,2021-02-14,2536.47,2536.47,2482.24,2493.59,6927670000.0
441,2021-02-15,2517.46,2586.01,2538.22,2586.01,10384200000.0
442,2021-02-16,2615.36,2631.37,2584.14,2601.51,10035500000.0
443,2021-02-17,2619.8,2623.64,2596.19,2611.45,8035510000.0
444,2021-02-18,2634.47,2642.47,2619.17,2636.68,8762150000.0
445,2021-02-21,2667.27,2667.59,2619.58,2640.34,8834600000.0
446,2021-02-22,2665.86,2676.16,2603.05,2607.67,8406310000.0
447,2021-02-23,2627.33,2627.33,2519.41,2586.51,8561540000.0
448,2021-02-24,2600.32,2620.45,2498.58,2599.07,6701870000.0
449,2021-02-25,2622.7,2622.77,2547.84,2554.13,6098190000.0
450,2021-02-28,2557.79,2559.43,2474.39,2474.39,8355290000.0
451,2021-03-01,2488.33,2524.4,2442.6,2515.03,5692320000.0
452,2021-03-02,2523.45,2529.64,2437.25,2455.33,6119640000.0
453,2021-03-03,2449.23,2453.67,2391.14,2416.01,6254810000.0
454,2021-03-04,2425.2,2507.09,2422.5,2506.68,6058100000.0
455,2021-03-07,2519.97,2527.09,2473.08,2485.1,5005470000.0
456,2021-03-09,2494.05,2494.41,2453.38,2461.88,4752710000.0
457,2021-03-10,2476.93,2479.63,2446.09,2458.49,4100410000.0
458,2021-03-14,2466.27,2469.43,2397.3,2407.26,4952720000.0
459,2021-03-15,2418.51,2432.95,2379.78,2389.19,4248420000.0
460,2021-03-16,2400.05,2417.47,2369.52,2391.75,3375700000.0
461,2021-03-17,2399.21,2432.4,2390.05,2432.15,3374550000.0
462,2021-03-18,2448.72,2476.61,2441.17,2475.09,4661790000.0
463,2021-03-21,2494.48,2538.47,2492.27,2538.47,5919820000.0
464,2021-03-22,2562.37,2568.36,2509.21,2514.4,5351340000.0
465,2021-03-23,2524.43,2531.46,2495.97,2528.96,5141900000.0
466,2021-03-24,2549.55,2570.67,2546.05,2570.31,6674420000.0
467,2021-03-25,2584.79,2595.88,2543.56,2548.97,6500810000.0
468,2021-03-29,2558.23,2562.6,2537.67,2543.52,4410340000.0
469,2021-03-30,2545.54,2576.33,2544.96,2575.67,6185680000.0
470,2021-03-31,2596.66,2619.15,2592.8,2619.03,6166900000.0
471,2021-04-01,2645.5,2645.5,2615.26,2631.9,7250920000.0
472,2021-04-04,2658.31,2658.73,2646.05,2657.61,9006860000.0
473,2021-04-05,2679.39,2682.27,2639.67,2658.75,7296760000.0
474,2021-04-06,2678.96,2678.96,2641.8,2674.47,7477800000.0
475,2021-04-07,2694.54,2694.98,2667.91,2671.62,7266970000.0
476,2021-04-08,2690.28,2690.28,2672.24,2674.36,6556620000.0
477,2021-04-12,2674.5,2694.38,2671.74,2691.56,7610830000.0
478,2021-04-13,2698.07,2715.53,2688.18,2714.79,7143150000.0
479,2021-04-15,2735.4,2755.3,2731.82,2735.4,8636670000.0
480,2021-04-18,2759.9,2760.02,2696.3,2699.51,8801800000.0
481,2021-04-19,2716.24,2716.87,2656.58,2661.94,6766800000.0
482,2021-04-20,2673.24,2684.77,2645.56,2664.62,5538620000.0
483,2021-04-21,2674.82,2675.41,2624.7,2632.21,5772250000.0
484,2021-04-22,2647.11,2651.53,2609.02,2648.01,5915140000.0
485,2021-04-25,2664.7,2665.56,2563.78,2572.21,7284190000.0
486,2021-04-26,2571.5,2579.41,2500.74,2506.62,6590930000.0
487,2021-04-27,2506.52,2599.37,2504.23,2599.08,5109100000.0
488,2021-04-28,2606.56,2622.66,2563.95,2585.28,3990430000.0
489,2021-04-29,2601.21,2612.29,2582.35,2611.11,4357020000.0
490,2021-05-02,2627.82,2665.11,2610.81,2665.11,7360800000.0
491,2021-05-03,2676.46,2694.0,2645.71,2652.58,7529290000.0
492,2021-05-04,2652.27,2663.64,2640.54,2654.03,5894770000.0
493,2021-05-05,2675.95,2676.57,2648.52,2649.6,6216810000.0
494,2021-05-06,2657.2,2659.09,2626.08,2637.13,6810090000.0
495,2021-05-09,2652.58,2652.6,2613.32,2618.63,6148970000.0
496,2021-05-10,2613.18,2647.07,2607.78,2645.85,4203830000.0
497,2021-05-11,2647.48,2680.91,2645.77,2673.32,5810670000.0
498,2021-05-12,2685.41,2688.75,2664.04,2673.88,5326050000.0
499,2021-05-13,2701.92,2702.74,2679.03,2684.01,7126890000.0
500,2021-05-16,2693.91,2738.59,2693.91,2738.3,10403900000.0
501,2021-05-17,2748.83,2771.22,2747.82,2759.22,9576360000.0
502,2021-05-18,2784.6,2794.96,2766.71,2793.81,11359400000.0
503,2021-05-19,2816.26,2822.23,2769.2,2780.81,11958100000.0
504,2021-05-20,2807.53,2807.53,2775.89,2787.19,9305220000.0
505,2021-05-23,2768.87,2820.6,2737.43,2820.0,11695000000.0
506,2021-05-24,2840.21,2850.73,2807.33,2823.05,13175400000.0
507,2021-05-25,2828.07,2836.24,2803.72,2816.6,11133400000.0
508,2021-05-27,2784.59,2836.06,2760.86,2815.4,14768800000.0
509,2021-05-30,2836.11,2854.8,2814.72,2827.93,17028400000.0
510,2021-05-31,2842.28,2851.18,2781.0,2782.86,13604600000.0
511,2021-06-01,2790.72,2799.85,2751.65,2771.15,8598160000.0
512,2021-06-02,2793.22,2827.29,2770.83,2827.13,11351800000.0
513,2021-06-03,2833.84,2876.11,2833.63,2856.77,16907000000.0
514,2021-06-06,2884.07,2920.21,2880.47,2906.91,17271800000.0
515,2021-06-07,2928.09,2933.54,2892.23,2906.7,15818700000.0
516,2021-06-08,2931.18,2960.29,2925.49,2960.14,16951300000.0
517,2021-06-09,2995.08,3005.9,2933.62,2946.58,16997100000.0
518,2021-06-10,2968.09,2971.89,2925.74,2944.78,16100400000.0
519,2021-06-13,2965.77,2984.24,2957.13,2983.11,19550200000.0
520,2021-06-14,3009.46,3051.02,3009.15,3025.83,18884000000.0
521,2021-06-15,3061.81,3064.07,3012.95,3022.11,16528700000.0
522,2021-06-16,2989.55,3031.73,2943.3,2969.72,15484500000.0
523,2021-06-17,2982.97,2990.01,2944.89,2968.42,10905000000.0
524,2021-06-20,2975.25,2980.27,2880.57,2905.32,11819400000.0
525,2021-06-21,2924.07,2924.48,2828.62,2834.41,11619000000.0
526,2021-06-22,2844.7,2914.43,2824.04,2913.84,10286300000.0
527,2021-06-23,2939.05,2940.03,2856.84,2859.96,8362670000.0
528,2021-06-24,2871.66,2873.76,2833.06,2843.0,7033600000.0
529,2021-06-27,2856.05,2883.02,2834.42,2870.18,7167430000.0
530,2021-06-28,2898.42,2901.99,2861.55,2871.7,7725600000.0
531,2021-06-29,2880.34,2890.16,2823.21,2828.0,6726360000.0
532,2021-06-30,2835.67,2844.19,2782.01,2823.88,5838550000.0
533,2021-07-01,2833.56,2867.25,2831.11,2843.0,6707780000.0
534,2021-07-04,2852.24,2857.83,2831.95,2834.52,5053540000.0
535,2021-07-05,2845.51,2847.43,2814.33,2822.74,4582210000.0
536,2021-07-06,2829.98,2835.31,2812.96,2818.11,4224020000.0
537,2021-07-07,2815.49,2826.41,2793.9,2801.13,4585860000.0
538,2021-07-08,2815.29,2832.73,2793.23,2825.11,4815520000.0
539,2021-07-11,2845.43,2900.18,2845.15,2899.82,8061380000.0
540,2021-07-12,2915.58,2930.41,2842.3,2854.84,9980030000.0
541,2021-07-13,2867.16,2884.75,2846.78,2871.03,5546360000.0
542,2021-07-14,2882.07,2883.25,2857.63,2872.05,5654580000.0
543,2021-07-15,2885.4,2890.34,2876.85,2883.38,8143610000.0
544,2021-07-18,2892.47,2980.61,2892.31,2980.61,11638100000.0
545,2021-07-19,3003.47,3032.84,2981.92,2994.42,11813800000.0
546,2021-07-22,2990.9,3018.76,2987.29,3004.33,11114100000.0
547,2021-07-25,3017.56,3058.85,3017.51,3058.64,14232400000.0
548,2021-07-26,3072.93,3076.13,3041.81,3050.43,14139800000.0
549,2021-07-27,3030.51,3085.81,2999.2,3076.37,349012000.0
550,2021-07-28,3088.45,3113.59,3075.93,3094.95,13292000000.0
551,2021-07-29,3103.53,3107.91,3076.39,3079.82,10905800000.0
552,2021-08-01,3088.45,3099.13,3075.54,3081.07,12103900000.0
553,2021-08-02,3087.91,3101.3,3079.04,3085.07,10983700000.0
554,2021-08-03,3094.24,3111.16,3091.92,3111.09,11529200000.0
555,2021-08-04,3126.99,3140.38,3120.78,3123.15,15595800000.0
556,2021-08-05,3130.54,3138.61,3101.79,3107.45,14316300000.0
557,2021-08-08,3117.03,3121.43,3099.07,3108.13,14308100000.0
558,2021-08-09,3113.95,3122.56,3098.6,3109.6,14137300000.0
559,2021-08-10,3120.3,3164.61,3114.06,3161.56,17846100000.0
560,2021-08-11,3172.54,3198.26,3158.17,3162.41,15455900000.0
561,2021-08-12,3172.75,3189.66,3166.68,3178.91,17513300000.0
562,2021-08-15,3170.65,3187.48,3104.86,3154.34,21647600000.0
563,2021-08-16,3165.09,3171.2,3136.47,3160.09,15930900000.0
564,2021-08-17,3165.69,3177.14,3154.76,3160.32,18204900000.0
565,2021-08-18,3172.3,3220.86,3153.42,3198.19,21313500000.0
566,2021-08-19,3208.53,3227.11,3178.25,3180.86,20499200000.0
567,2021-08-24,3186.47,3188.57,3121.68,3125.01,16124500000.0
568,2021-08-25,3126.02,3126.02,3068.04,3076.45,12092100000.0
569,2021-08-26,3085.04,3108.06,3069.72,3094.05,13422000000.0
570,2021-08-29,3105.75,3116.82,3038.78,3044.87,15483700000.0
571,2021-08-31,3047.26,3047.59,2969.75,2975.84,13259700000.0
572,2021-09-01,2977.29,3019.69,2961.0,2977.02,9351800000.0
573,2021-09-02,2976.18,2994.35,2915.98,2926.74,9505970000.0
574,2021-09-05,2928.8,2929.32,2779.03,2818.73,11240400000.0
575,2021-09-06,2816.93,2981.27,2804.53,2980.79,9826220000.0
576,2021-09-07,2999.62,3004.23,2912.99,2936.61,7495810000.0
577,2021-09-08,2940.91,2940.91,2873.64,2876.59,6646620000.0
578,2021-09-09,2880.55,2912.38,2865.96,2875.98,7050770000.0
579,2021-09-12,2887.5,2947.5,2887.47,2947.42,9440030000.0
580,2021-09-13,2962.81,2984.31,2939.79,2947.7,9290550000.0
581,2021-09-14,2950.37,2964.54,2915.62,2929.29,5195300000.0
582,2021-09-15,2933.23,2936.89,2881.53,2889.03,5358100000.0
583,2021-09-16,2889.21,2889.21,2795.24,2812.39,9033900000.0
584,2021-09-20,2817.98,2821.13,2696.81,2698.25,8493400000.0
585,2021-09-21,2693.42,2766.45,2613.87,2712.07,7364800000.0
586,2021-09-22,2719.91,2819.03,2719.89,2816.95,6179300000.0
587,2021-09-23,2833.52,2883.13,2804.16,2819.66,7726370000.0
588,2021-09-26,2836.36,2846.29,2756.33,2758.48,6500120000.0
589,2021-09-27,2762.6,2769.79,2678.14,2685.42,5120970000.0
590,2021-09-28,2683.6,2695.35,2602.19,2615.4,5745490000.0
591,2021-09-29,2616.78,2666.19,2578.76,2665.94,5028560000.0
592,2021-09-30,2667.45,2687.59,2629.95,2633.42,3700030000.0
593,2021-10-03,2637.36,2640.84,2572.96,2577.5,4113810000.0
594,2021-10-04,2577.36,2596.67,2542.09,2570.81,3627800000.0
595,2021-10-05,2569.79,2620.32,2569.78,2612.65,2996820000.0
596,2021-10-06,2614.74,2681.39,2614.52,2681.11,4500660000.0
597,2021-10-10,2687.19,2720.36,2654.35,2662.58,4498040000.0
598,2021-10-11,2667.59,2670.34,2616.4,2639.38,3639470000.0
599,2021-10-17,2644.42,2670.34,2616.4,2656.97,1497380000.0
600,2021-10-18,2656.04,2656.04,2582.26,2587.45,2966900000.0
601,2021-10-19,2588.24,2588.37,2481.85,2510.73,3777790000.0
602,2021-10-20,2522.2,2590.89,2522.0,2571.66,2679030000.0
603,2021-10-21,2573.05,2585.79,2542.65,2556.96,2635390000.0
604,2021-10-24,2557.0,2587.85,2545.5,2584.53,2773420000.0
605,2021-10-25,2588.75,2672.25,2588.24,2672.25,4308900000.0
606,2021-10-26,2678.86,2751.41,2678.01,2751.07,6318340000.0
607,2021-10-27,2753.4,2806.71,2716.99,2769.13,6612650000.0
608,2021-10-28,2768.88,2783.77,2746.23,2782.17,5395270000.0
609,2021-10-31,2785.95,2838.09,2775.54,2837.62,7823230000.0
610,2021-11-01,2852.32,2866.44,2804.31,2819.87,7777510000.0
611,2021-11-02,2824.83,2845.89,2789.2,2843.62,6073720000.0
612,2021-11-03,2858.74,2878.2,2837.59,2848.84,6553060000.0
613,2021-11-08,2854.38,2863.8,2821.64,2829.65,4420720000.0
614,2021-11-09,2831.0,2833.05,2730.21,2749.86,6527730000.0
615,2021-11-11,2750.03,2750.28,2687.68,2690.29,5119600000.0
616,2021-11-14,2694.05,2704.47,2667.34,2688.92,4096220000.0
617,2021-11-15,2688.06,2728.91,2685.67,2715.35,4734650000.0
618,2021-11-16,2720.59,2784.63,2716.0,2784.58,5521650000.0
619,2021-11-17,2795.19,2825.98,2795.19,2801.52,7379450000.0
620,2021-11-18,2806.13,2810.64,2760.2,2769.13,6271870000.0
621,2021-11-21,2771.76,2780.04,2749.83,2757.53,4357310000.0
622,2021-11-22,2758.99,2778.28,2758.64,2765.44,3929260000.0
623,2021-11-23,2765.68,2765.68,2719.99,2733.14,4165900000.0
624,2021-11-24,2737.09,2743.22,2694.06,2735.01,4217420000.0
625,2021-11-25,2736.85,2746.55,2720.84,2731.78,3789710000.0
626,2021-11-28,2731.78,2733.35,2644.6,2651.49,5835130000.0
627,2021-11-29,2650.54,2677.87,2621.8,2629.98,4008940000.0
628,2021-11-30,2630.32,2648.04,2603.9,2628.37,3089040000.0
629,2021-12-01,2628.69,2649.99,2628.48,2633.66,2742090000.0
630,2021-12-02,2633.64,2645.57,2580.6,2584.61,3413590000.0
631,2021-12-05,2586.83,2587.57,2504.69,2513.89,4090770000.0
632,2021-12-06,2508.96,2549.5,2438.86,2546.09,4542350000.0
633,2021-12-07,2549.36,2590.76,2505.86,2508.91,3128340000.0
634,2021-12-08,2508.29,2511.69,2448.78,2455.81,2663910000.0
635,2021-12-09,2454.42,2465.08,2428.33,2449.97,2673310000.0
636,2021-12-12,2448.66,2455.72,2359.95,2361.27,3382510000.0
637,2021-12-13,2351.93,2351.93,2259.51,2282.01,3995600000.0
638,2021-12-14,2283.67,2418.84,2283.67,2418.85,1842650000.0
639,2021-12-15,2433.2,2493.07,2379.09,2414.62,4588390000.0
640,2021-12-16,2415.77,2418.87,2371.73,2376.74,2301750000.0
641,2021-12-20,2390.81,2390.81,2346.6,2358.81,2464690000.0
642,2021-12-21,2360.33,2415.55,2360.32,2415.55,2383260000.0
643,2021-12-22,2425.05,2509.27,2424.38,2507.7,4523340000.0
644,2021-12-23,2522.51,2542.29,2485.38,2520.23,4490270000.0
645,2021-12-26,2531.43,2596.43,2531.15,2591.42,5173200000.0
646,2021-12-27,2600.21,2616.27,2518.16,2521.65,5607440000.0
647,2021-12-28,2523.87,2533.63,2486.05,2518.99,3125580000.0
648,2021-12-29,2520.55,2538.78,2512.41,2524.5,3623480000.0
649,2022-01-02,2538.25,2585.01,2528.75,2584.91,4126980000.0
650,2022-01-03,2595.22,2634.86,2593.92,2616.94,4533020000.0
651,2022-01-04,2619.22,2679.95,2593.9,2679.95,4320270000.0
652,2022-01-05,2687.75,2700.29,2640.97,2649.2,4621600000.0
653,2022-01-06,2647.76,2692.76,2633.31,2692.47,3676850000.0
654,2022-01-09,2699.88,2770.55,2699.88,2765.47,7101830000.0
655,2022-01-10,2772.09,2806.74,2755.79,2784.95,7123420000.0
656,2022-01-11,2792.64,2848.26,2771.15,2834.13,6724530000.0
657,2022-01-12,2839.87,2874.89,2796.61,2803.62,8033210000.0
658,2022-01-13,2808.8,2858.2,2802.49,2857.75,6669750000.0
659,2022-01-16,2873.42,2940.13,2873.41,2926.74,9676320000.0
660,2022-01-17,2944.92,2956.11,2907.19,2947.38,7901890000.0
661,2022-01-18,2953.11,2981.92,2915.56,2936.66,8443420000.0
662,2022-01-19,2945.63,2952.57,2889.18,2898.31,6021310000.0
663,2022-01-20,2901.51,2936.58,2884.0,2931.34,5773120000.0
664,2022-01-23,2942.97,2962.44,2906.19,2920.51,7030510000.0
665,2022-01-24,2926.12,2926.21,2803.72,2820.65,8888510000.0
666,2022-01-25,2827.75,2857.91,2781.01,2815.06,5395670000.0
667,2022-01-26,2817.17,2819.74,2760.88,2776.65,4313150000.0
668,2022-01-27,2778.89,2804.07,2776.74,2779.98,3343410000.0
669,2022-01-30,2805.01,2885.62,2805.01,2885.53,6324270000.0
670,2022-01-31,2895.77,2909.13,2860.7,2871.05,5154180000.0
671,2022-02-01,2875.74,2897.18,2855.95,2891.3,6574840000.0
672,2022-02-03,2898.61,2925.05,2870.64,2876.74,8612170000.0
673,2022-02-06,2877.04,2877.04,2829.1,2836.17,5836410000.0
674,2022-02-07,2834.26,2853.78,2822.52,2851.86,5022020000.0
675,2022-02-08,2877.58,2921.35,2825.96,2835.58,6287220000.0
676,2022-02-09,2837.33,2837.35,2799.96,2813.52,3471110000.0
677,2022-02-10,2813.33,2825.34,2790.9,2801.56,3829530000.0
678,2022-02-13,2783.89,2784.19,2696.65,2700.89,5977210000.0
679,2022-02-14,2697.37,2729.26,2694.31,2700.98,3684010000.0
680,2022-02-15,2703.35,2754.5,2703.27,2754.29,3233320000.0
681,2022-02-16,2759.37,2772.11,2725.16,2734.44,3026330000.0
682,2022-02-17,2735.33,2745.37,2723.17,2732.52,2278170000.0
683,2022-02-20,2713.52,2715.82,2669.32,2693.1,4086470000.0
684,2022-02-21,2695.26,2719.07,2693.83,2718.51,2997680000.0
685,2022-02-22,2719.89,2750.3,2719.88,2735.93,3212890000.0
686,2022-02-23,2732.48,2747.56,2715.91,2720.43,3131210000.0
687,2022-02-24,2715.44,2715.82,2654.37,2661.44,4293860000.0
688,2022-02-27,2660.39,2680.39,2638.01,2653.7,3273070000.0
689,2022-02-28,2662.26,2683.75,2606.62,2610.6,3660190000.0
690,2022-03-02,2612.51,2612.5,2542.1,2547.04,3621140000.0
691,2022-03-06,2542.57,2568.62,2527.97,2543.39,2493240000.0
692,2022-03-07,2542.66,2566.63,2538.28,2544.93,2600930000.0
693,2022-03-09,2542.42,2557.55,2504.37,2514.58,2352320000.0
694,2022-03-10,2512.04,2566.9,2498.45,2566.9,2780220000.0
695,2022-03-13,2575.27,2667.97,2575.21,2667.97,4870720000.0
696,2022-03-14,2677.97,2683.41,2650.23,2668.11,1342230000.0
697,2022-03-15,2673.55,2677.36,2637.15,2650.97,3364230000.0
698,2022-03-16,2653.57,2661.28,2625.96,2631.32,2570400000.0
699,2022-03-20,2634.11,2644.46,2607.74,2616.58,2274630000.0
700,2022-03-21,2620.13,2634.66,2600.92,2634.65,2592720000.0
701,2022-03-22,2634.42,2658.05,2634.41,2650.7,2518890000.0
702,2022-03-23,2651.41,2654.48,2622.69,2630.36,2046350000.0
703,2022-03-24,2630.93,2639.01,2611.18,2613.67,3248940000.0
704,2022-03-27,2623.2,2642.32,2567.75,2572.23,4989510000.0
705,2022-03-28,2574.12,2580.3,2538.42,2541.84,0.0
706,2022-03-29,2542.65,2562.4,2519.89,2527.58,1750630000.0
707,2022-03-30,2527.77,2568.25,2515.8,2568.25,2250120000.0
708,2022-03-31,2568.76,2584.54,2538.13,2544.3,1890160000.0
709,2022-04-03,2544.48,2547.04,2509.76,2513.41,1460770000.0
710,2022-04-04,2517.41,2525.54,2495.84,2497.47,1584670000.0
711,2022-04-05,2507.77,2507.77,2434.27,2452.06,2671230000.0
712,2022-04-06,2451.81,2458.35,2416.38,2428.75,1995960000.0
713,2022-04-07,2427.97,2476.37,2427.71,2464.31,2121510000.0
714,2022-04-11,2471.81,2510.13,2415.9,2419.71,2260790000.0
715,2022-04-12,2424.71,2428.8,2379.48,2385.02,1524360000.0
716,2022-04-13,2385.24,2415.35,2366.94,2415.24,1476320000.0
717,2022-04-17,2422.34,2437.67,2379.53,2385.64,1440720000.0
718,2022-04-18,2386.66,2387.51,2341.92,2343.87,1530690000.0
719,2022-04-19,2347.21,2372.32,2314.42,2357.24,1326870000.0
720,2022-04-20,2364.47,2367.25,2316.69,2320.51,1458740000.0
721,2022-04-21,2327.08,2333.93,2286.6,2325.45,1629170000.0
722,2022-04-24,2331.51,2430.28,2331.51,2420.91,2531280000.0
723,2022-04-25,2423.74,2444.55,2381.93,2386.01,2042250000.0
724,2022-04-26,2386.04,2402.23,2358.76,2370.99,1046010000.0
725,2022-04-27,2373.1,2376.63,2348.57,2376.17,1089990000.0
726,2022-04-28,2380.16,2390.27,2351.48,2356.17,1496250000.0
727,2022-05-02,2358.24,2359.4,2303.26,2307.44,1423500000.0
728,2022-05-04,2310.51,2312.07,2269.73,2275.68,1269220000.0
729,2022-05-05,2275.43,2275.42,2225.79,2238.62,1654560000.0
730,2022-05-08,2238.81,2256.64,2204.37,2256.57,1326420000.0
731,2022-05-09,2263.06,2289.84,2255.45,2268.84,1390610000.0
732,2022-05-10,2269.36,2314.63,2268.76,2313.0,1356690000.0
733,2022-05-11,2313.28,2369.17,2313.28,2369.06,2163990000.0
734,2022-05-12,2373.38,2389.07,2343.33,2350.42,2328430000.0
735,2022-05-17,2350.43,2350.43,2263.3,2265.52,1644100000.0
736,2022-05-18,2262.99,2281.96,2237.98,2274.42,1326320000.0
737,2022-05-19,2274.8,2282.88,2247.6,2250.91,1300980000.0
738,2022-05-20,2251.49,2258.51,2231.33,2235.09,932206000.0
739,2022-05-23,2241.26,2249.62,2191.03,2200.88,1369510000.0
740,2022-05-24,2203.14,2227.87,2190.52,2217.19,1088830000.0
741,2022-05-25,2222.49,2243.57,2222.01,2231.57,1044630000.0
742,2022-05-26,2240.61,2245.42,2222.89,2239.6,889835000.0
743,2022-05-27,2242.46,2250.69,2214.64,2223.78,1298910000.0
744,2022-05-30,2227.43,2233.54,2173.44,2173.44,1338860000.0
745,2022-05-31,2172.02,2172.01,2126.39,2137.92,1317700000.0
746,2022-06-01,2138.06,2154.58,2119.41,2130.71,1078480000.0
747,2022-06-02,2130.35,2142.65,2107.77,2112.47,1161510000.0
748,2022-06-03,2113.13,2117.4,2071.93,2078.7,1307360000.0
749,2022-06-06,2079.6,2093.95,2054.13,2065.82,1273390000.0
750,2022-06-07,2065.19,2065.19,2016.78,2020.23,1312810000.0
751,2022-06-08,2019.54,2096.18,2017.25,2080.44,1640360000.0
752,2022-06-09,2082.45,2115.6,2058.28,2062.8,1472690000.0
753,2022-06-10,2067.76,2070.01,2036.55,2048.16,894124000.0
754,2022-06-13,2049.31,2052.47,2027.05,2032.34,998674000.0
755,2022-06-14,2032.53,2034.81,1990.32,1996.26,1185550000.0
756,2022-06-15,1999.05,1999.08,1945.42,1966.37,1491760000.0
757,2022-06-16,1966.89,1993.95,1950.76,1978.94,1187150000.0
758,2022-06-17,1981.21,1991.58,1966.85,1971.36,736312000.0
759,2022-06-19,1971.84,1974.22,1928.19,1934.11,1134090000.0
760,2022-06-20,1934.03,1934.64,1879.69,1884.81,1750600000.0
761,2022-06-21,1884.25,1931.91,1877.8,1924.74,1253760000.0
762,2022-06-22,1925.46,1926.99,1889.7,1893.53,843773000.0
763,2022-06-23,1889.4,1889.4,1835.88,1848.28,1499710000.0
764,2022-06-24,1848.38,1879.45,1806.95,1862.06,1151210000.0
765,2022-06-26,1863.47,1957.09,1863.43,1956.98,2196140000.0
766,2022-06-27,1967.3,1987.59,1931.17,1933.13,2044830000.0
767,2022-06-28,1935.54,1936.01,1908.74,1921.31,1058260000.0
768,2022-06-29,1924.91,1963.77,1915.19,1962.71,1431400000.0
769,2022-06-30,1966.86,2037.64,1966.85,2037.64,2458620000.0
770,2022-07-01,2041.94,2053.98,2015.56,2028.77,1459310000.0
771,2022-07-03,2028.79,2086.38,2020.96,2086.38,2480470000.0
772,2022-07-04,2095.62,2148.61,2059.0,2076.67,4349270000.0
773,2022-07-05,2078.63,2091.88,2025.57,2030.59,2968490000.0
774,2022-07-06,2036.46,2047.37,1994.54,2043.92,2178660000.0
775,2022-07-07,2051.5,2080.96,2023.01,2027.32,1806200000.0
776,2022-07-08,2031.87,2033.4,1988.43,1992.61,1168450000.0
777,2022-07-11,1993.33,1993.55,1912.49,1915.61,2325640000.0
778,2022-07-12,1916.41,1947.54,1908.59,1927.28,1707750000.0
779,2022-07-13,1928.5,1986.82,1928.5,1986.82,2044440000.0
780,2022-07-14,1987.32,2012.16,1977.14,2001.53,2411830000.0
781,2022-07-15,2002.96,2009.89,1989.19,2009.46,1456260000.0
782,2022-07-17,2010.92,2018.97,1994.75,2011.39,1232490000.0
783,2022-07-18,2011.71,2029.46,2000.14,2029.43,1312960000.0
784,2022-07-19,2029.71,2062.36,2028.17,2045.63,2299320000.0
785,2022-07-20,2046.21,2061.56,2033.28,2050.59,1731830000.0
786,2022-07-21,2052.95,2066.07,2038.33,2044.72,1642650000.0
787,2022-07-22,2046.62,2047.29,2013.46,2017.46,1443430000.0
788,2022-07-24,2027.8,2078.51,2027.66,2078.51,2730940000.0
789,2022-07-25,2081.98,2134.62,2081.65,2132.96,4106820000.0
790,2022-07-26,2134.14,2141.61,2085.83,2088.16,3705000000.0
791,2022-07-27,2089.01,2112.11,2065.96,2111.99,3161460000.0
792,2022-07-28,2113.35,2156.39,2105.7,2127.42,4976430000.0
793,2022-07-29,2130.32,2147.63,2117.31,2140.39,2191620000.0
794,2022-07-31,2142.31,2195.35,2142.3,2195.1,4609970000.0
795,2022-08-01,2205.77,2224.48,2183.22,2196.25,4670800000.0
796,2022-08-02,2198.06,2202.88,2170.25,2193.43,3293230000.0
797,2022-08-03,2196.13,2214.05,2183.09,2186.77,4029930000.0
798,2022-08-04,2191.49,2193.35,2147.7,2148.16,3768080000.0
799,2022-08-05,2150.47,2150.58,2108.34,2113.3,2626160000.0
800,2022-08-07,2109.41,2133.62,2107.49,2123.82,2673340000.0
801,2022-08-08,2128.19,2140.26,2102.25,2106.15,2857070000.0
802,2022-08-09,2109.79,2112.71,2060.31,2062.8,2815140000.0
803,2022-08-10,2064.39,2074.92,2042.62,2056.88,1935520000.0
804,2022-08-11,2059.83,2074.73,2036.8,2037.92,1761020000.0
805,2022-08-14,2035.32,2043.03,2007.68,2010.01,1873280000.0
806,2022-08-15,2007.19,2065.9,2007.19,2065.89,2432980000.0
807,2022-08-16,2069.38,2088.23,2035.47,2041.06,2734850000.0
808,2022-08-17,2043.62,2053.09,2035.38,2040.7,1405970000.0
809,2022-08-18,2041.71,2072.37,2041.71,2068.26,2057980000.0
810,2022-08-21,2070.06,2089.25,2055.78,2060.55,2047090000.0
811,2022-08-22,2061.03,2065.81,2043.72,2053.13,1726290000.0
812,2022-08-23,2053.35,2060.21,2048.8,2054.95,1333560000.0
813,2022-08-24,2054.99,2073.54,2052.13,2057.85,1526190000.0
814,2022-08-25,2058.01,2068.55,2035.69,2039.55,1717470000.0
815,2022-08-26,2040.47,2040.46,2018.18,2022.62,1294830000.0
816,2022-08-28,2022.32,2022.76,1987.04,1989.26,2059740000.0
817,2022-08-29,1989.37,1995.78,1975.07,1993.02,1266620000.0
818,2022-08-30,1993.47,2012.18,1987.39,1995.21,1019520000.0
819,2022-08-31,1993.38,1996.89,1968.41,1973.38,1126220000.0
820,2022-09-01,1972.98,1982.34,1953.58,1972.29,1383460000.0
821,2022-09-02,1970.78,1984.88,1964.8,1970.62,698806000.0
822,2022-09-04,1971.86,1988.38,1969.48,1977.3,1071620000.0
823,2022-09-05,1978.3,1987.57,1970.68,1973.01,909905000.0
824,2022-09-06,1974.13,1978.0,1947.21,1951.79,23520900.0
825,2022-09-07,1951.21,1955.97,1933.29,1939.88,826231000.0
826,2022-09-08,1940.19,1947.91,1925.22,1937.74,1044440000.0
827,2022-09-11,1938.2,1946.42,1922.0,1926.28,747227000.0
828,2022-09-12,1926.45,1928.71,1906.75,1912.74,831604000.0
829,2022-09-13,1913.41,1940.85,1913.2,1934.04,922574000.0
830,2022-09-14,1936.37,1984.12,1936.34,1981.48,1453820000.0
831,2022-09-15,1983.26,1989.84,1920.38,1924.48,2125660000.0
832,2022-09-16,1921.05,1921.05,1886.72,1910.38,908186000.0
833,2022-09-18,1910.2,1911.57,1874.14,1876.41,1601820000.0
834,2022-09-20,1875.41,1877.65,1833.55,1837.6,1229670000.0
835,2022-09-21,1838.4,1862.48,1838.14,1848.82,11527100.0
836,2022-09-22,1848.79,1856.02,1836.17,1838.96,655705000.0
837,2022-09-25,1838.0,1838.67,1811.32,1815.13,1072480000.0
838,2022-09-27,1814.71,1842.05,1814.68,1831.05,663013000.0
839,2022-09-28,1831.24,1845.69,1831.23,1837.46,485409000.0
840,2022-09-29,1836.84,1853.8,1835.95,1853.76,18117800.0
841,2022-10-09,1854.57,1898.45,1854.54,1898.38,32308200.0
842,2022-10-10,1901.25,1908.58,1866.83,1871.22,971768000.0
843,2022-10-11,1871.28,1871.28,1849.8,1855.16,552810000.0
844,2022-10-12,1854.57,1872.86,1848.13,1866.48,691738000.0
845,2022-10-13,1866.54,1878.16,1860.85,1870.63,829647000.0
846,2022-10-16,1871.09,1872.52,1852.74,1860.94,803526000.0
847,2022-10-17,1861.55,1864.74,1854.24,1858.33,515819000.0
848,2022-10-19,1858.03,1861.93,1840.5,1845.51,643608000.0
849,2022-10-20,1845.38,1849.86,1834.31,1844.14,507690000.0
850,2022-10-23,1844.5,1858.57,1843.8,1858.49,516803000.0
851,2022-10-31,1860.39,1874.88,1856.93,1874.87,10864400.0
852,2022-11-01,1876.55,1931.54,1871.77,1930.99,1290660000.0
853,2022-11-02,1933.24,1956.61,1916.32,1938.3,1467910000.0
854,2022-11-03,1939.5,1940.61,1918.84,1922.16,898908000.0
855,2022-11-06,1924.2,1965.7,1919.24,1965.36,1548030000.0
856,2022-11-07,1968.07,1987.32,1955.28,1958.94,2109160000.0
857,2022-11-08,1959.22,1966.41,1948.35,1956.36,1053140000.0
858,2022-11-09,1957.76,1967.8,1914.27,1917.22,0.0
859,2022-11-10,1919.1,1929.01,1889.64,1893.7,1119460000.0
860,2022-11-13,1892.94,1901.31,1879.58,1883.16,774912000.0
861,2022-11-14,1883.58,1904.5,1879.36,1904.45,26168800.0
862,2022-11-15,1905.21,1919.8,1895.89,1897.86,1023610000.0
863,2022-11-16,1898.7,1914.38,1898.7,1911.26,859468000.0
864,2022-11-17,1912.24,1939.59,1912.04,1936.83,1715420000.0
865,2022-11-22,1938.47,1961.28,1926.39,1929.7,1352890000.0
866,2022-11-23,1931.01,1933.93,1913.09,1921.99,1022290000.0
867,2022-11-24,1922.72,1933.55,1916.35,1933.55,925174000.0
868,2022-11-27,1934.45,1965.98,1934.41,1965.98,2025490000.0
869,2022-11-28,1968.93,1980.26,1947.37,1950.37,1494390000.0
870,2022-11-29,1951.31,1957.88,1933.64,1953.35,957060000.0
871,2022-11-30,1953.07,1955.6,1942.95,1949.85,842695000.0
872,2022-12-01,1949.48,1969.02,1941.58,1961.06,1322970000.0
873,2022-12-04,1961.07,1973.55,1957.18,1963.22,1561700000.0
874,2022-12-05,1964.79,1965.77,1935.65,1938.76,1670460000.0
875,2022-12-06,1941.08,1944.11,1922.13,1933.88,965211000.0
876,2022-12-07,1935.08,1936.39,1916.19,1917.28,1654660000.0
877,2022-12-11,1916.04,1918.51,1883.09,1885.31,1103400000.0
878,2022-12-12,1884.22,1902.42,1868.65,1902.27,1366010000.0
879,2022-12-13,1900.23,1904.75,1888.82,1899.7,777089000.0
880,2022-12-14,1900.61,1906.04,1893.01,1897.08,727878000.0
881,2022-12-15,1897.34,1899.0,1880.16,1882.6,1192620000.0
882,2022-12-18,1883.65,1883.82,1850.96,1855.06,1157160000.0
883,2022-12-19,1855.19,1865.18,1849.19,1858.89,886099000.0
884,2022-12-20,1859.72,1881.21,1858.57,1873.11,930840000.0
885,2022-12-21,1874.85,1883.09,1864.7,1867.22,863817000.0
886,2022-12-22,1864.41,1867.21,1850.58,1867.21,1119800000.0
887,2022-12-26,1868.18,1924.09,1866.37,1924.09,2097050000.0
888,2022-12-27,1928.81,1999.01,1928.81,1983.95,3884400000.0
889,2022-12-28,1991.81,1994.33,1961.57,1972.15,2153550000.0
890,2022-12-29,1973.18,2029.11,1962.42,2029.03,2860350000.0
891,2023-01-01,2037.21,2083.19,2030.25,2046.26,4048880000.0
892,2023-01-02,2047.46,2070.58,2028.32,2064.09,2960930000.0
893,2023-01-03,2066.02,2081.53,2050.57,2061.06,3458090000.0
894,2023-01-04,2069.34,2126.04,2066.57,2125.84,3501140000.0
895,2023-01-05,2134.88,2160.73,2113.32,2143.93,5040740000.0
896,2023-01-08,2148.93,2191.69,2126.47,2164.61,5459920000.0
897,2023-01-09,2171.46,2211.77,2161.03,2211.76,5314310000.0
898,2023-01-10,2215.35,2277.61,2178.19,2190.42,7658820000.0
899,2023-01-12,2203.84,2237.37,2143.97,2149.39,5477620000.0
900,2023-01-17,2152.05,2187.79,2136.38,2182.11,3724790000.0
901,2023-01-18,2185.73,2214.78,2166.35,2173.1,4928710000.0
902,2023-01-19,2175.3,2192.71,2163.14,2178.81,3044530000.0
903,2023-01-23,2184.77,2203.13,2162.83,2165.1,3864010000.0
904,2023-01-24,2166.05,2173.24,2139.89,2173.25,3003230000.0
905,2023-01-25,2175.67,2199.93,2175.13,2183.62,3466510000.0
906,2023-01-26,2186.5,2201.64,2177.99,2183.21,2860080000.0
907,2023-01-29,2185.46,2192.85,2163.89,2168.53,3017060000.0
908,2023-01-30,2166.31,2174.66,2124.83,2127.52,3302200000.0
909,2023-01-31,2130.29,2136.44,2107.77,2111.68,2824540000.0
910,2023-02-01,2111.44,2124.3,2104.48,2116.65,1767050000.0
911,2023-02-02,2118.56,2126.14,2090.14,2094.54,2096420000.0
912,2023-02-05,2096.7,2118.27,2087.69,2096.08,1931720000.0
913,2023-02-06,2096.32,2102.7,2087.2,2100.7,1474160000.0
914,2023-02-07,2100.12,2177.75,2099.03,2177.34,3362270000.0
915,2023-02-08,2181.62,2213.89,2161.0,2170.21,3691970000.0
916,2023-02-09,2171.17,2183.75,2153.31,2182.61,2062060000.0
917,2023-02-12,2181.2,2181.2,2117.67,2121.75,3047740000.0
918,2023-02-14,2122.41,2122.56,2100.57,2105.46,1787020000.0
919,2023-02-15,2105.03,2117.84,2086.78,2091.56,1732580000.0
920,2023-02-16,2090.49,2099.43,2066.78,2070.41,1684940000.0
921,2023-02-20,2069.67,2069.78,2040.18,2046.81,1947620000.0
922,2023-02-22,2049.65,2084.04,2048.11,2080.38,1803280000.0
923,2023-02-23,2078.48,2078.48,2014.6,2022.64,2522710000.0
924,2023-02-26,2016.54,2029.66,1961.24,2027.19,2525070000.0
925,2023-02-27,2029.23,2043.99,1990.27,2023.54,1893740000.0
926,2023-02-28,2024.82,2033.7,2013.25,2019.93,1387870000.0
927,2023-03-01,2020.72,2024.7,1994.46,1995.49,1288360000.0
928,2023-03-02,1995.34,1996.47,1966.91,1967.45,28656100.0
929,2023-03-05,1967.49,1975.93,1935.21,1938.25,1392350000.0
930,2023-03-07,1937.43,1964.08,1937.43,1952.66,1204410000.0
931,2023-03-09,1955.57,2002.99,1955.55,2002.7,1565560000.0
932,2023-03-12,2008.26,2017.3,1970.67,1975.89,1666930000.0
933,2023-03-13,1975.43,1977.52,1944.42,1951.21,1162500000.0
934,2023-03-14,1950.41,1965.19,1939.32,1953.06,1135930000.0
935,2023-03-15,1953.96,1956.37,1926.57,1938.62,1202140000.0
936,2023-03-16,1938.62,1946.77,1919.93,1933.31,1141460000.0
937,2023-03-19,1933.23,1939.43,1922.22,1926.4,1069800000.0
938,2023-03-20,1926.28,1949.17,1925.41,1949.06,1298580000.0
939,2023-03-22,1952.19,1962.94,1929.49,1933.29,1333720000.0
940,2023-03-23,1933.11,1933.56,1905.96,1915.14,1413170000.0
941,2023-03-26,1915.32,1915.41,1881.07,1888.27,1289370000.0
942,2023-03-27,1885.65,1907.04,1864.91,1906.0,1382770000.0
943,2023-03-28,1910.35,1936.48,1906.4,1918.1,1443710000.0
944,2023-03-29,1920.09,1922.04,1901.62,1919.42,816219000.0
945,2023-03-30,1920.01,1932.68,1905.12,1908.55,899532000.0
946,2023-04-02,1910.49,1928.66,1883.2,1888.55,1207120000.0
947,2023-04-03,1888.61,1892.03,1865.96,1871.88,920249000.0
948,2023-04-04,1872.65,1880.46,1856.35,1866.68,917610000.0
949,2023-04-05,1866.83,1878.77,1857.54,1875.07,816047000.0
950,2023-04-06,1875.88,1889.07,1863.66,1866.79,920686000.0
951,2023-04-09,1867.47,1869.43,1833.68,1838.48,1159450000.0
952,2023-04-10,1837.65,1851.49,1833.08,1844.02,911976000.0
953,2023-04-11,1845.65,1872.11,1844.41,1871.33,945249000.0
954,2023-04-12,1871.46,1963.89,1871.46,1963.55,1976080000.0
955,2023-04-13,1973.09,1981.87,1928.93,1934.47,1653330000.0
956,2023-04-16,1934.51,1945.05,1918.52,1931.68,974599000.0
957,2023-04-17,1931.84,1937.65,1904.39,1908.04,920079000.0
958,2023-04-18,1905.96,1911.51,1892.82,1904.98,870448000.0
959,2023-04-19,1903.36,1924.4,1903.28,1920.12,872141000.0
960,2023-04-20,1918.49,1928.76,1902.15,1904.4,983367000.0
961,2023-04-23,1904.94,1906.66,1881.15,1885.6,828534000.0
962,2023-04-24,1885.77,1891.87,1875.14,1888.32,751330000.0
963,2023-04-25,1887.3,1905.73,1885.17,1905.68,885578000.0
964,2023-04-26,1907.54,1913.28,1888.89,1892.0,847028000.0
965,2023-04-27,1892.94,1895.17,1880.25,1889.73,739650000.0
966,2023-04-30,1889.41,1890.34,1867.73,1870.65,954322000.0
967,2023-05-02,1871.63,1878.96,1860.43,1866.4,692272000.0
968,2023-05-03,1866.68,1868.35,1852.35,1857.23,620266000.0
969,2023-05-04,1856.97,1875.26,1846.67,1869.73,732690000.0
970,2023-05-07,1870.41,1872.22,1848.8,1850.61,608135000.0
971,2023-05-08,1850.73,1854.21,1825.61,1833.69,824217000.0
972,2023-05-09,1831.64,1856.07,1828.99,1844.36,774761000.0
973,2023-05-10,1845.64,1852.05,1835.61,1841.93,589100000.0
974,2023-05-11,1840.05,1843.44,1831.2,1838.59,578842000.0
975,2023-05-14,1840.82,1849.56,1818.08,1821.64,900564000.0
976,2023-05-15,1821.81,1826.65,1807.53,1818.31,724970000.0
977,2023-05-16,1817.87,1827.77,1810.1,1821.6,640117000.0
978,2023-05-17,1821.54,1846.72,1821.02,1845.01,857624000.0
979,2023-05-18,1846.69,1883.2,1844.5,1877.32,1474770000.0
980,2023-05-21,1878.68,1903.06,1874.4,1883.2,1600490000.0
981,2023-05-22,1883.45,1898.91,1866.08,1891.31,1278700000.0
982,2023-05-23,1891.37,1942.64,1891.37,1942.63,2200020000.0
983,2023-05-24,1943.81,1962.66,1928.16,1959.12,1873020000.0
984,2023-05-28,1960.95,1977.57,1938.12,1941.74,2639660000.0
985,2023-05-30,1944.03,1944.06,1884.91,1888.61,2341780000.0
986,2023-05-31,1884.49,1893.84,1844.32,1849.79,2315170000.0
987,2023-06-01,1850.79,1877.0,1837.24,1866.34,1654650000.0
988,2023-06-04,1866.35,1925.11,1865.73,1919.37,1656340000.0
989,2023-06-05,1922.13,1935.8,1899.54,1901.99,1973490000.0
990,2023-06-06,1902.75,1927.66,1893.61,1927.65,1981010000.0
991,2023-06-07,1929.16,1950.81,1928.13,1932.33,2368820000.0
992,2023-06-08,1933.4,1947.45,1920.65,1939.61,2305890000.0
993,2023-06-11,1941.52,1983.98,1941.24,1980.09,3454340000.0
994,2023-06-12,1984.36,2003.25,1972.0,1987.87,2886510000.0
995,2023-06-13,1989.43,2034.8,1977.52,2020.64,4126700000.0
996,2023-06-14,2020.15,2067.1,2015.19,2037.06,5017810000.0
997,2023-06-15,2040.58,2050.03,2017.7,2042.07,3162810000.0
998,2023-06-18,2045.06,2094.33,2037.9,2094.33,4869180000.0
999,2023-06-19,2097.53,2107.6,2075.21,2091.39,4740610000.0
1000,2023-06-20,2093.56,2117.3,2057.03,2064.83,4110610000.0
1001,2023-06-21,2067.21,2082.97,2043.84,2050.78,3496820000.0
1002,2023-06-22,2054.62,2074.38,2042.28,2055.53,3444860000.0
1003,2023-06-25,2057.37,2119.8,2057.37,2117.73,6490410000.0
1004,2023-06-26,2124.01,2154.86,2120.42,2129.42,5312420000.0
1005,2023-06-27,2132.61,2186.68,2132.48,2186.36,5476290000.0
1006,2023-06-28,2193.51,2205.97,2146.06,2150.99,5972290000.0
1007,2023-07-02,2154.8,2160.24,2094.07,2097.29,5081980000.0
1008,2023-07-03,2096.72,2113.74,2069.6,2075.97,4051080000.0
1009,2023-07-04,2079.42,2104.38,2067.22,2088.7,2576140000.0
1010,2023-07-05,2090.38,2101.59,2046.55,2049.44,3073990000.0
1011,2023-07-06,2050.28,2064.57,2033.43,2049.38,3077500000.0
1012,2023-07-09,2050.36,2085.23,2049.69,2077.76,3042540000.0
1013,2023-07-10,2081.75,2102.09,2067.85,2076.96,3797990000.0
1014,2023-07-11,2078.25,2084.92,2064.52,2072.24,2859490000.0
1015,2023-07-12,2072.24,2099.71,2072.24,2097.55,3187700000.0
1016,2023-07-13,2095.72,2121.83,2080.42,2084.93,3390660000.0
1017,2023-07-16,2085.68,2105.67,2079.18,2097.09,2376430000.0
1018,2023-07-17,2097.99,2144.6,2089.16,2144.16,2560190000.0
1019,2023-07-18,2147.69,2171.13,2146.52,2154.07,3548830000.0
1020,2023-07-19,2154.02,2174.63,2141.82,2165.24,3348680000.0
1021,2023-07-20,2165.7,2179.72,2152.82,2163.92,3052410000.0
1022,2023-07-23,2166.47,2228.74,2166.44,2227.16,4375200000.0
1023,2023-07-24,2227.21,2244.13,2194.16,2200.5,4737610000.0
1024,2023-07-25,2202.99,2206.46,2162.55,2164.31,2910730000.0
1025,2023-07-26,2168.46,2186.49,2152.54,2156.2,2432510000.0
1026,2023-07-27,2155.49,2165.97,2124.32,2126.48,2425780000.0
1027,2023-07-30,2126.85,2138.67,2091.5,2100.34,2502890000.0
1028,2023-07-31,2097.85,2126.57,2094.06,2106.18,1858000000.0
1029,2023-08-01,2106.06,2124.32,2070.33,2077.58,1924430000.0
1030,2023-08-02,2078.6,2086.84,2062.0,2086.84,1812470000.0
1031,2023-08-03,2088.56,2109.29,2083.92,2089.84,1781940000.0
1032,2023-08-06,2095.43,2101.9,2041.69,2051.47,2687150000.0
1033,2023-08-07,2051.57,2069.73,2030.19,2048.26,2333570000.0
1034,2023-08-08,2047.72,2055.31,2013.37,2019.85,1737010000.0
1035,2023-08-09,2018.72,2061.08,2000.23,2060.91,1888330000.0
1036,2023-08-10,2058.96,2080.81,2045.98,2066.05,2156580000.0
1037,2023-08-13,2065.4,2087.93,2057.7,2080.86,3018460000.0
1038,2023-08-14,2079.25,2094.04,2073.49,2077.24,2091390000.0
1039,2023-08-15,2077.03,2078.76,2041.12,2045.44,2157310000.0
1040,2023-08-16,2044.05,2044.05,2014.0,2025.12,1679980000.0
1041,2023-08-17,2025.98,2043.01,2025.4,2033.13,1541370000.0
1042,2023-08-20,2033.2,2034.88,2008.03,2011.14,1447410000.0
1043,2023-08-21,2012.46,2019.51,1991.81,1998.28,1408980000.0
1044,2023-08-22,1998.14,2016.18,1990.29,2015.98,1332560000.0
1045,2023-08-23,2016.8,2048.26,2015.8,2045.45,1510490000.0
1046,2023-08-24,2045.86,2052.2,2009.09,2013.93,1550580000.0
1047,2023-08-27,2014.21,2016.11,1989.22,1993.38,1262770000.0
1048,2023-08-28,1994.03,2009.7,1989.37,1998.48,988629000.0
1049,2023-08-29,1999.01,2002.81,1988.51,1993.42,865120000.0
1050,2023-08-30,1994.63,2001.72,1985.1,1990.59,1130010000.0
1051,2023-09-03,1990.82,1991.11,1958.83,1960.78,1186620000.0
1052,2023-09-04,1960.79,1977.96,1946.62,1967.83,1099140000.0
1053,2023-09-05,1966.8,1974.11,1954.19,1961.37,796870000.0
1054,2023-09-07,1960.72,1960.78,1929.66,1932.45,1150920000.0
1055,2023-09-10,1933.25,1946.75,1933.06,1942.68,1072210000.0
1056,2023-09-11,1942.98,1986.99,1941.86,1986.99,1518340000.0
1057,2023-09-12,1987.17,1998.54,1962.71,1967.57,1135060000.0
1058,2023-09-13,1967.26,2007.48,1967.25,2007.06,1495520000.0
1059,2023-09-17,2009.99,2010.86,1961.05,1964.91,2028470000.0
1060,2023-09-18,1965.45,1974.98,1952.88,1969.18,870444000.0
1061,2023-09-19,1970.42,1986.72,1960.62,1985.43,1176680000.0
1062,2023-09-21,1988.71,2040.28,1988.67,2029.78,3293920000.0
1063,2023-09-24,2029.42,2037.02,2003.83,2010.35,2326900000.0
1064,2023-09-25,2012.21,2015.56,1999.62,2004.45,1565570000.0
1065,2023-09-26,2006.64,2030.51,2005.42,2022.91,2093810000.0
1066,2023-09-27,2023.52,2027.19,1993.46,2004.3,1814360000.0
1067,2023-10-01,2004.58,2005.32,1964.44,1971.1,1830490000.0
1068,2023-10-02,1970.28,1982.51,1954.35,1976.29,1737310000.0
1069,2023-10-03,1977.83,1978.27,1954.13,1958.72,1199100000.0
1070,2023-10-04,1958.87,1976.19,1957.23,1967.97,1189930000.0
1071,2023-10-05,1967.58,1970.15,1954.02,1956.92,1106520000.0
1072,2023-10-08,1963.8,1964.02,1917.69,1921.24,1801770000.0
1073,2023-10-09,1919.97,1926.72,1902.87,1908.66,1170170000.0
1074,2023-10-10,1908.29,1913.58,1885.37,1889.59,1283180000.0
1075,2023-10-11,1890.04,1905.05,1884.4,1894.76,1088550000.0
1076,2023-10-12,1896.18,1897.6,1870.19,1874.6,1700130000.0
1077,2023-10-16,1874.13,1876.62,1846.79,1851.43,1253290000.0
1078,2023-10-17,1851.18,1884.67,1851.03,1864.62,1008440000.0
1079,2023-10-18,1864.28,1908.4,1864.25,1907.89,934894000.0
1080,2023-10-19,1908.66,1915.98,1893.94,1903.84,970613000.0
1081,2023-10-29,1903.59,1903.91,1867.09,1875.65,742925000.0
1082,2023-10-30,1876.47,1878.83,1856.9,1878.7,694222000.0
1083,2023-10-31,1878.29,1878.98,1860.47,1864.4,571483000.0
1084,2023-11-01,1864.19,1872.19,1853.49,1858.56,812089000.0
1085,2023-11-02,1858.27,1859.48,1842.73,1847.7,964478000.0
1086,2023-11-05,1846.75,1846.77,1817.76,1826.23,972367000.0
1087,2023-11-06,1826.68,1850.58,1824.56,1847.54,938929000.0
1088,2023-11-07,1848.06,1864.85,1847.1,1858.76,996586000.0
1089,2023-11-08,1858.11,1869.01,1851.19,1863.94,782743000.0
1090,2023-11-09,1864.4,1866.93,1847.85,1852.08,836006000.0
1091,2023-11-20,1852.29,1873.34,1846.52,1853.48,1099320000.0
1092,2023-11-21,1853.17,1853.87,1821.38,1829.65,950480000.0
1093,2023-11-22,1830.11,1850.54,1816.4,1850.33,1087100000.0
1094,2023-11-23,1847.69,1864.59,1826.49,1860.2,1348350000.0
1095,2023-11-26,1859.24,1908.19,1852.67,1907.95,2011760000.0
1096,2023-11-27,1909.97,1926.52,1889.71,1896.67,1754750000.0
1097,2023-11-28,1896.4,1902.63,1885.23,1894.53,1280230000.0
1098,2023-11-29,1894.79,1907.07,1871.93,1876.6,1014200000.0
1099,2023-11-30,1874.24,1876.4,1851.32,1858.53,1323520000.0
1100,2023-12-03,1858.47,1861.67,1837.85,1851.23,964010000.0
1101,2023-12-04,1848.71,1859.32,1843.37,1847.81,1197260000.0
1102,2023-12-05,1849.01,1857.35,1833.02,1837.71,1544940000.0
1103,2023-12-06,1837.24,1841.8,1830.31,1841.04,1141810000.0
1104,2023-12-07,1840.42,1861.22,1834.64,1852.77,2799150000.0
1105,2023-12-10,1866.12,1963.98,1866.12,1963.98,482482000.0
1106,2023-12-11,1989.54,1989.71,1928.76,1948.57,4842770000.0
1107,2023-12-12,1952.19,1990.39,1940.15,1985.44,4309020000.0
1108,2023-12-13,1990.36,2017.22,1976.04,1988.04,3909200000.0
1109,2023-12-14,1989.53,1997.12,1973.42,1994.6,3151640000.0
1110,2023-12-17,1986.06,2022.82,1951.02,2022.35,5157850000.0
1111,2023-12-18,2025.73,2070.59,2025.68,2060.49,6868180000.0
1112,2023-12-19,2065.06,2107.32,2053.27,2106.48,5984700000.0
1113,2023-12-20,2113.94,2150.98,2110.76,2141.87,7009580000.0
1114,2023-12-21,2148.16,2154.51,2102.79,2109.1,6274320000.0
1115,2023-12-24,2113.69,2132.63,2082.93,2088.07,7111730000.0
1116,2023-12-27,2089.89,2109.35,2055.35,2070.84,5248780000.0
1117,2023-12-28,2072.09,2085.36,2059.49,2068.9,4290930000.0
1118,2024-01-01,2072.45,2096.44,2056.87,2060.15,4483980000.0
1119,2024-01-02,2060.47,2061.92,2024.14,2030.1,4044660000.0
1120,2024-01-03,2030.95,2058.31,2023.76,2058.0,4048860000.0
1121,2024-01-04,2058.57,2072.08,2046.05,2049.28,5581110000.0
1122,2024-01-07,2049.9,2056.49,2019.77,2022.92,5241410000.0
1123,2024-01-08,2025.89,2059.66,2025.62,2059.49,4675230000.0
1124,2024-01-09,2063.56,2098.04,2063.42,2080.12,6118320000.0
1125,2024-01-10,2084.59,2116.44,2084.44,2089.62,5134850000.0
1126,2024-01-11,2091.28,2106.43,2082.49,2088.99,4307760000.0
1127,2024-01-14,2093.48,2121.67,2093.44,2120.62,5450420000.0
1128,2024-01-16,2125.2,2178.37,2125.11,2175.17,8023860000.0
1129,2024-01-17,2181.8,2215.54,2154.02,2163.06,9768970000.0
1130,2024-01-18,2163.39,2167.43,2133.12,2155.82,8174990000.0
1131,2024-01-21,2156.52,2165.67,2123.86,2130.18,7677740000.0
1132,2024-01-22,2128.56,2134.81,2090.64,2098.69,6366070000.0
1133,2024-01-23,2096.99,2112.15,2087.22,2098.29,4294570000.0
1134,2024-01-24,2098.97,2120.46,2083.45,2088.04,3897020000.0
1135,2024-01-25,2088.49,2096.75,2072.78,2084.09,3764510000.0
1136,2024-01-28,2084.64,2098.14,2075.37,2094.46,3833776580.76
1137,2024-01-29,2097.48,2114.79,2097.23,2104.72,4566522230.82
1138,2024-01-30,2105.87,2128.11,2105.46,2119.61,5544217593.12
1139,2024-01-31,2119.17,2131.28,2088.48,2097.93,5295605057.48
1140,2024-02-01,2103.2,2103.22,2063.68,2067.01,4180632139.37
1141,2024-02-04,2067.47,2072.9,2053.46,2061.7,3216727221.79
1142,2024-02-05,2063.93,2084.8,2060.55,2076.27,2438058254.56
1143,2024-02-06,2073.83,2087.24,2067.59,2085.71,2591534907.76
1144,2024-02-07,2095.1,2107.57,2086.76,2090.64,2842550237.47
1145,2024-02-08,2094.18,2097.97,2082.72,2096.38,3212283453.63
1146,2024-02-11,2101.28,2109.32,2083.6,2085.82,4085678472.16
1147,2024-02-12,2085.81,2103.91,2081.81,2101.16,3586984128.48
1148,2024-02-13,2101.56,2101.55,2064.84,2070.59,4667179304.14
1149,2024-02-14,2071.71,2081.62,2064.34,2076.5,4252722895.26
1150,2024-02-15,2075.62,2077.1,2055.72,2062.03,3869118741.98
1151,2024-02-18,2060.68,2062.32,2030.29,2034.82,3775422196.17
1152,2024-02-20,2034.79,2043.5,2025.89,2033.06,3113556978.43
1153,2024-02-21,2034.39,2044.44,2020.88,2026.59,2241961799.37
1154,2024-02-22,2027.57,2030.4,2000.55,2005.83,3206167025.37
1155,2024-02-25,2006.89,2011.81,1976.68,1979.02,3086951070.51
1156,2024-02-26,1980.9,1997.52,1973.3,1992.3,2017739060.68
1157,2024-02-27,1992.7,2007.85,1980.43,2001.64,1869813526.21
1158,2024-02-28,2002.94,2009.5,1992.46,2000.77,2038100977.42
1159,2024-02-29,2001.02,2007.57,1970.04,1972.09,2598737228.86
1160,2024-03-03,1972.63,1975.39,1946.42,1960.3,2082786089.08
1161,2024-03-04,1976.14,2078.16,1976.14,2078.0,375209978.32
1162,2024-03-05,2094.71,2095.19,2003.77,2007.69,4113676958.02
1163,2024-03-06,2008.93,2036.32,1992.34,2017.03,3450838357.20
1164,2024-03-07,2020.95,2040.9,2017.0,2030.55,3199205820.35
1165,2024-03-10,2032.58,2061.2,2032.58,2052.65,2922771558.91
1166,2024-03-12,2065.63,2111.24,2064.08,2111.24,4551632347.82
1167,2024-03-13,2123.91,2124.08,2093.89,2108.72,4248523332.22
1168,2024-03-14,2110.55,2110.55,2074.05,2080.87,3943592302.13
1169,2024-03-17,2082.41,2086.03,2064.32,2070.25,3387980384.33
1170,2024-03-18,2073.59,2075.62,2060.08,2073.53,2885637818.91
1171,2024-03-19,2074.54,2091.52,2064.44,2067.29,3633936554.87
1172,2024-03-20,2072.48,2084.59,2058.78,2063.95,3496284036.16
1173,2024-03-21,2065.52,2074.97,2045.11,2048.57,4313017713.50
1174,2024-03-25,2050.68,2051.67,2027.77,2031.55,2489118485.08
1175,2024-03-26,2033.0,2048.74,2032.13,2041.7,2354348503.01
1176,2024-03-27,2042.09,2053.71,2025.1,2030.86,2235485534.30
1177,2024-03-28,2033.42,2039.34,2023.13,2035.64,2653349468.51
1178,2024-03-31,2034.71,2040.48,2014.32,2018.33,3205332324.76
1179,2024-04-01,2017.18,2019.76,2006.96,2012.07,2874754305.75
1180,2024-04-02,2014.55,2018.07,2004.28,2010.21,2291645585.49
1181,2024-04-03,2011.66,2017.21,1999.85,2006.78,2536233986.67
1182,2024-04-04,2007.13,2011.37,2000.33,2004.05,3037267307.85
1183,2024-04-07,2009.05,2026.82,2000.36,2026.81,4256676333.56
1184,2024-04-09,2035.2,2046.61,2030.44,2036.01,4143783989.11
1185,2024-04-10,2038.11,2045.46,2016.34,2025.3,3485660640.32
1186,2024-04-14,2025.7,2031.9,2017.88,2023.35,3063772652.62
1187,2024-04-15,2022.32,2026.99,2002.21,2006.52,2797577432.68
1188,2024-04-16,2004.97,2004.96,1988.19,1991.71,2103019218.58
1189,2024-04-18,1992.37,1992.37,1967.39,1972.14,2093612792.78
1190,2024-04-21,1972.92,1984.46,1953.29,1984.43,2259959456.89
1191,2024-04-22,1984.08,1992.78,1964.42,1969.02,2058305185.19
1192,2024-04-24,1969.41,1979.57,1963.34,1969.17,2536431998.50