date,open,high,low,close,volume
2007-03-29,98.0,100.0,100.0,100.0,50
2007-07-09,100.0,105.0,105.0,105.0,50
2008-05-08,105.0,105.0,105.0,105.0,100
2008-06-12,105.0,105.0,105.0,105.0,50
2008-07-13,103.0,103.0,100.0,100.0,134140
2008-07-29,100.0,100.0,100.0,100.0,160
2009-03-08,100.0,100.0,100.0,100.0,89430
2009-04-09,101.0,101.0,101.0,101.0,220
2009-04-12,101.0,101.0,101.0,101.0,110
2009-10-05,103.0,103.0,103.0,103.0,60
2009-12-16,103.0,103.0,103.0,103.0,410
2010-06-07,101.0,101.0,100.0,100.0,357720
2010-08-05,100.0,100.0,100.0,100.0,80
2010-08-08,100.0,100.0,100.0,100.0,10
2011-10-24,100.0,100.0,100.0,100.0,44710
2011-10-25,100.0,100.0,100.0,100.0,29060
2011-10-30,98.0,98.0,98.0,98.0,200
2011-10-31,99.0,100.0,99.0,100.0,56120
2011-11-03,100.0,100.0,100.0,100.0,11180
2011-11-08,98.0,100.0,98.0,100.0,9120
2011-11-10,100.0,100.0,99.0,100.0,208360
2011-11-13,100.0,100.0,100.0,100.0,460
2011-11-16,100.0,100.0,100.0,100.0,5020
2011-11-17,100.0,100.0,100.0,100.0,13415
2011-11-21,100.0,100.0,100.0,100.0,44965
2011-11-22,100.0,100.0,100.0,100.0,12180
2011-11-23,101.0,101.0,101.0,101.0,145320
2011-12-05,99.0,99.0,99.0,99.0,30
2011-12-07,100.0,100.0,100.0,100.0,240
2011-12-11,100.0,100.0,100.0,100.0,8540
2011-12-13,100.0,100.0,100.0,100.0,50
2011-12-14,100.0,100.0,100.0,100.0,1550
2011-12-18,100.0,100.0,100.0,100.0,50
2012-02-07,99.0,99.0,99.0,99.0,20
2012-03-20,99.0,99.0,99.0,99.0,40
2012-04-30,98.0,100.0,98.0,100.0,5730
2012-07-08,100.0,100.0,100.0,100.0,13810
2012-07-16,100.0,100.0,100.0,100.0,50
2012-08-01,99.0,99.0,99.0,99.0,70
2012-09-18,100.0,100.0,100.0,100.0,20
2013-02-05,98.0,98.0,98.0,98.0,330
2013-05-20,97.0,97.0,96.0,96.0,70
2013-07-07,97.0,98.0,97.0,98.0,80
2013-07-08,99.0,101.0,99.0,100.0,11240
2013-07-09,100.0,100.0,100.0,100.0,310
2013-08-01,100.0,100.0,100.0,100.0,609080
2013-08-04,100.0,100.0,100.0,100.0,120
2013-08-11,98.0,98.0,98.0,98.0,150
2013-10-07,99.0,99.0,99.0,99.0,400
2013-10-22,100.0,100.0,100.0,100.0,70
2013-10-31,98.0,98.0,98.0,98.0,40
2013-12-03,99.0,99.0,99.0,99.0,100
2014-03-24,100.0,100.0,100.0,100.0,60
2014-03-27,100.0,100.0,100.0,100.0,59000
2014-04-02,100.0,100.0,100.0,100.0,100
2014-04-03,102.0,110.0,102.0,110.0,100
2014-04-09,112.0,112.0,112.0,112.0,20
2014-04-17,114.0,116.0,114.0,116.0,1020
2014-04-23,118.0,118.0,118.0,118.0,100
2014-04-27,120.0,124.0,120.0,124.0,400
2014-04-29,126.0,128.0,126.0,128.0,1050
2014-05-08,130.0,134.0,130.0,134.0,1750
2014-06-17,136.0,140.0,136.0,140.0,30
2014-06-19,142.0,142.0,142.0,142.0,20
2014-06-25,144.0,153.0,144.0,153.0,60
2014-07-01,156.0,156.0,156.0,156.0,20
2014-07-08,159.0,171.0,159.0,171.0,100
2014-07-22,174.0,181.0,174.0,181.0,710
2014-07-23,184.0,184.0,184.0,184.0,30
2014-08-03,187.0,187.0,187.0,187.0,50
2014-08-05,190.0,190.0,190.0,190.0,180
2014-08-06,193.0,193.0,193.0,193.0,50
2014-08-12,193.0,193.0,193.0,193.0,20
2014-08-18,196.0,199.0,196.0,199.0,40
2014-09-01,199.0,199.0,199.0,199.0,4470
2014-09-09,202.0,210.0,202.0,210.0,60
2014-09-28,214.0,218.0,214.0,218.0,70
2014-09-29,218.0,218.0,218.0,218.0,500
2014-10-13,222.0,222.0,222.0,222.0,30
2014-10-30,222.0,222.0,222.0,222.0,20
2014-11-02,226.0,234.0,226.0,234.0,60
2014-11-04,238.0,238.0,238.0,238.0,60
2014-11-06,249.0,253.0,249.0,253.0,20
2014-11-09,258.0,263.0,258.0,263.0,1450
2014-11-17,268.0,283.0,268.0,283.0,60
2014-11-30,288.0,293.0,288.0,293.0,30
2014-12-01,298.0,298.0,298.0,298.0,50
2014-12-07,303.0,303.0,303.0,303.0,10
2014-12-08,309.0,321.0,309.0,321.0,250
2014-12-09,327.0,345.0,327.0,345.0,1090
2014-12-10,351.0,358.0,351.0,358.0,80
2014-12-11,365.0,393.0,365.0,393.0,870
2014-12-14,400.0,432.0,400.0,432.0,2450
2014-12-15,439.0,456.0,424.0,456.0,240
2014-12-16,465.0,465.0,456.0,464.0,190
2014-12-17,460.0,460.0,455.0,460.0,310
2014-12-18,469.0,484.0,469.0,484.0,180
2014-12-21,493.0,493.0,473.0,473.0,1310
2014-12-28,464.0,464.0,438.0,438.0,60
2015-01-05,430.0,430.0,406.0,406.0,180
2015-01-06,398.0,446.0,398.0,446.0,2480
2015-01-07,454.0,490.0,450.0,490.0,2210
2015-01-08,499.0,539.0,499.0,539.0,1430
2015-01-11,549.0,592.0,549.0,592.0,460
2015-01-12,603.0,639.0,603.0,639.0,220
2015-01-13,651.0,702.0,651.0,702.0,3880
2015-01-14,716.0,772.0,716.0,772.0,4125
2015-01-19,787.0,818.0,787.0,818.0,30
2015-01-22,802.0,802.0,737.0,737.0,70
2015-01-25,723.0,723.0,664.0,664.0,1090
2015-01-26,651.0,715.0,638.0,689.0,3715
2015-01-27,676.0,676.0,663.0,666.0,790
2015-01-28,660.0,673.0,660.0,673.0,110
2015-01-29,661.0,661.0,661.0,661.0,210
2015-02-01,661.0,661.0,660.0,660.0,410
2015-02-02,655.0,694.0,655.0,694.0,410
2015-02-03,689.0,748.0,689.0,748.0,1865
2015-02-04,748.0,750.0,735.0,750.0,2065
2015-02-05,735.0,735.0,735.0,735.0,500
2015-02-08,749.0,749.0,749.0,749.0,30
2015-02-09,735.0,749.0,730.0,749.0,540
2015-02-10,735.0,749.0,735.0,735.0,340
2015-02-11,721.0,721.0,707.0,707.0,70
2015-02-22,720.0,720.0,693.0,693.0,2270
2015-02-26,700.0,700.0,637.0,637.0,1630
2015-03-01,627.0,627.0,627.0,627.0,440
2015-03-02,621.0,665.0,621.0,665.0,530
2015-03-03,652.0,652.0,632.0,640.0,450
2015-03-04,631.0,633.0,631.0,633.0,50
2015-03-09,631.0,633.0,631.0,633.0,70
2015-03-10,633.0,633.0,633.0,633.0,30
2015-03-11,631.0,643.0,631.0,643.0,160
2015-03-12,655.0,655.0,655.0,655.0,110
2015-03-16,655.0,655.0,655.0,655.0,200
2015-03-17,668.0,668.0,660.0,660.0,110
2015-03-18,647.0,685.0,647.0,672.0,270
2015-03-19,670.0,696.0,670.0,696.0,160
2015-03-22,700.0,724.0,700.0,724.0,2225
2015-03-23,738.0,755.0,720.0,720.0,1310
2015-03-24,706.0,706.0,705.0,706.0,345
2015-03-25,708.0,711.0,700.0,710.0,740
2015-04-01,710.0,710.0,710.0,710.0,20
2015-04-06,700.0,700.0,700.0,700.0,40
2015-04-13,700.0,700.0,686.0,686.0,80
2015-04-16,680.0,680.0,680.0,680.0,20
2015-04-19,667.0,667.0,667.0,667.0,40
2015-04-21,655.0,655.0,642.0,642.0,740
2015-04-22,630.0,630.0,625.0,630.0,150
2015-04-23,638.0,638.0,638.0,638.0,110
2015-06-03,650.0,650.0,637.0,637.0,110
2015-06-10,630.0,630.0,630.0,630.0,30
2015-06-18,618.0,618.0,618.0,618.0,10
2015-06-24,606.0,606.0,594.0,594.0,20
2015-06-29,590.0,590.0,569.0,572.0,1720
2015-06-30,561.0,562.0,561.0,562.0,1240
2015-07-01,555.0,555.0,555.0,555.0,100
2015-07-02,566.0,566.0,566.0,566.0,280
2015-07-05,555.0,555.0,541.0,541.0,570
2015-07-06,551.0,595.0,551.0,585.0,80
2015-07-08,574.0,612.0,569.0,612.0,585
2015-07-13,624.0,624.0,624.0,624.0,10
2015-07-14,635.0,650.0,635.0,650.0,230
2015-07-16,663.0,684.0,663.0,684.0,30
2015-07-22,697.0,710.0,697.0,710.0,20
2015-07-23,724.0,738.0,724.0,738.0,20
2015-07-27,752.0,752.0,752.0,752.0,10
2015-07-30,754.0,754.0,754.0,754.0,20
2015-08-20,739.0,739.0,739.0,739.0,30
2015-08-26,725.0,725.0,711.0,711.0,40
2015-09-09,676.0,676.0,640.0,640.0,270
2015-09-10,628.0,628.0,604.0,604.0,30
2015-09-13,592.0,592.0,581.0,581.0,20
2015-09-14,581.0,595.0,564.0,564.0,1415
2015-09-15,575.0,575.0,554.0,556.0,530
2015-09-24,549.0,549.0,549.0,549.0,250
2015-10-06,540.0,550.0,540.0,550.0,160
2015-10-08,540.0,540.0,540.0,540.0,200
2015-11-10,530.0,530.0,530.0,530.0,50
2015-11-23,520.0,520.0,520.0,520.0,10
2015-11-25,510.0,510.0,510.0,510.0,100
2015-11-29,505.0,505.0,505.0,505.0,40
2016-01-14,495.0,495.0,495.0,495.0,350
2016-12-01,500.0,510.0,500.0,510.0,200
2016-12-05,520.0,520.0,520.0,520.0,10
2016-12-06,530.0,530.0,530.0,530.0,110
2016-12-07,540.0,572.0,540.0,572.0,100
2016-12-11,583.0,605.0,583.0,605.0,110
2016-12-12,617.0,665.0,617.0,665.0,630
2016-12-14,678.0,731.0,678.0,731.0,1440
2016-12-15,745.0,804.0,745.0,790.0,1560
2016-12-18,790.0,790.0,779.0,780.0,150
2016-12-19,780.0,780.0,780.0,780.0,155
2016-12-22,765.0,765.0,750.0,750.0,40
2017-01-18,735.0,735.0,675.0,675.0,400
2017-01-19,662.0,662.0,625.0,637.0,785
2017-01-22,649.0,660.0,649.0,660.0,200
2017-01-23,660.0,660.0,635.0,635.0,140
2017-02-02,623.0,623.0,611.0,620.0,50
2017-02-13,608.0,608.0,608.0,608.0,100
2017-02-14,600.0,600.0,600.0,600.0,50
2017-02-16,595.0,595.0,595.0,595.0,30
2017-02-19,590.0,590.0,580.0,580.0,400
2017-02-21,591.0,591.0,591.0,591.0,10
2017-03-06,580.0,580.0,580.0,580.0,20
2017-03-07,570.0,570.0,548.0,548.0,300
2017-03-09,540.0,540.0,494.0,494.0,1385
2017-03-13,495.0,520.0,495.0,520.0,50
2017-03-14,530.0,540.0,530.0,540.0,60
2017-03-15,550.0,550.0,550.0,550.0,290
2017-03-19,561.0,561.0,561.0,561.0,30
2017-03-20,550.0,550.0,539.0,539.0,180
2017-03-21,540.0,550.0,539.0,539.0,180
2017-03-23,548.0,549.0,548.0,549.0,195
2017-03-28,549.0,549.0,549.0,549.0,40
2017-03-29,549.0,559.0,549.0,559.0,250
2017-04-09,548.0,548.0,548.0,548.0,10
2017-04-11,538.0,540.0,538.0,540.0,2170
2017-04-12,544.0,555.0,544.0,555.0,2840
2017-04-13,566.0,566.0,566.0,566.0,360
2017-04-16,570.0,570.0,570.0,570.0,360
2017-04-18,580.0,590.0,580.0,590.0,110
2017-04-19,601.0,610.0,601.0,610.0,110
2017-04-24,600.0,611.0,600.0,611.0,120
2017-04-25,612.0,612.0,600.0,612.0,70
2017-05-11,600.0,600.0,600.0,600.0,200
2017-05-15,588.0,588.0,588.0,588.0,10
2017-05-17,583.0,583.0,582.0,582.0,200
2017-05-18,572.0,572.0,572.0,572.0,70
2017-05-21,583.0,629.0,583.0,629.0,390
2017-05-22,641.0,679.0,641.0,679.0,110
2017-05-23,692.0,746.0,692.0,746.0,2130
2017-05-24,760.0,820.0,760.0,820.0,3970
2017-05-28,804.0,804.0,780.0,780.0,640
2017-05-30,765.0,765.0,765.0,765.0,50
2017-05-31,750.0,841.0,750.0,841.0,1735
2017-06-01,857.0,887.0,800.0,887.0,350
2017-06-04,900.0,951.0,870.0,870.0,2110
2017-06-05,887.0,887.0,870.0,870.0,170
2017-06-06,865.0,865.0,865.0,865.0,100
2017-06-07,861.0,870.0,854.0,870.0,117
2017-06-08,860.0,860.0,860.0,860.0,40
2017-06-11,877.0,894.0,877.0,890.0,120
2017-06-13,873.0,873.0,815.0,820.0,210
2017-06-14,804.0,820.0,804.0,820.0,70
2017-06-15,821.0,821.0,810.0,820.0,260
2017-06-21,804.0,804.0,758.0,758.0,480
2017-06-22,773.0,773.0,773.0,773.0,10
2017-06-27,785.0,788.0,785.0,788.0,250
2017-07-03,773.0,773.0,759.0,759.0,110
2017-07-04,746.0,746.0,745.0,745.0,540
2017-07-05,731.0,731.0,731.0,731.0,580
2017-07-06,745.0,750.0,745.0,750.0,370
2017-07-09,765.0,765.0,765.0,765.0,20
2017-07-13,780.0,810.0,780.0,810.0,210
2017-07-16,798.0,842.0,798.0,810.0,240
2017-07-17,826.0,891.0,826.0,891.0,550
2017-07-18,908.0,980.0,908.0,980.0,1050
2017-07-19,999.0,1078.0,999.0,1023.0,2827
2017-07-20,1025.0,1025.0,995.0,1014.0,2053
2017-07-23,1030.0,1050.0,1014.0,1050.0,800
2017-07-24,1071.0,1155.0,1071.0,1155.0,1590
2017-07-25,1178.0,1270.0,1178.0,1270.0,100
2017-07-26,1295.0,1397.0,1295.0,1397.0,4820
2017-07-27,1424.0,1536.0,1424.0,1536.0,1090
2017-07-30,1566.0,1689.0,1566.0,1689.0,110
2017-07-31,1722.0,1857.0,1722.0,1857.0,160
2017-08-01,1894.0,2042.0,1894.0,2042.0,650
2017-08-02,2082.0,2246.0,2000.0,2070.0,11135
2017-08-03,2029.0,2111.0,1965.0,2015.0,2565
2017-08-06,2000.0,2080.0,1977.0,2050.0,1660
2017-08-07,2010.0,2091.0,2010.0,2035.0,9182
2017-08-09,2001.0,2001.0,1927.0,1927.0,940
2017-08-10,1900.0,1980.0,1900.0,1980.0,730
2017-08-13,1980.0,2050.0,1951.0,2050.0,435
2017-08-15,2009.0,2009.0,1855.0,1855.0,50
2017-08-16,1818.0,1818.0,1670.0,1670.0,195
2017-08-17,1637.0,1637.0,1512.0,1512.0,100
2017-08-20,1482.0,1482.0,1361.0,1362.0,4550
2017-08-21,1335.0,1335.0,1283.0,1283.0,140
2017-08-22,1258.0,1258.0,1233.0,1233.0,1190
2017-08-23,1209.0,1209.0,1185.0,1201.0,1100
2017-08-24,1200.0,1279.0,1200.0,1279.0,415
2017-08-27,1304.0,1406.0,1304.0,1406.0,80
2017-08-28,1434.0,1546.0,1434.0,1546.0,3545
2017-08-30,1576.0,1650.0,1460.0,1465.0,1085
2017-08-31,1490.0,1494.0,1440.0,1490.0,1580
2017-09-04,1461.0,1461.0,1440.0,1440.0,150
2017-09-06,1412.0,1412.0,1384.0,1411.0,60
2017-09-07,1383.0,1383.0,1316.0,1346.0,590
2017-09-10,1320.0,1320.0,1275.0,1275.0,50
2017-09-11,1251.0,1383.0,1251.0,1350.0,437
2017-09-13,1323.0,1323.0,1297.0,1297.0,110
2017-09-14,1322.0,1348.0,1322.0,1340.0,400
2017-09-18,1350.0,1350.0,1350.0,1350.0,30
2017-10-08,1350.0,1350.0,1350.0,1350.0,10
2017-10-10,1323.0,1323.0,1300.0,1300.0,100
2017-10-11,1274.0,1274.0,1249.0,1249.0,40
2017-10-17,1273.0,1273.0,1177.0,1177.0,300
2017-10-25,1200.0,1200.0,1180.0,1180.0,440
2017-10-29,1200.0,1200.0,1200.0,1200.0,20
2017-10-30,1224.0,1224.0,1200.0,1200.0,25
2017-11-01,1200.0,1200.0,1176.0,1176.0,20
2017-11-02,1153.0,1153.0,1130.0,1150.0,450
2017-11-05,1127.0,1127.0,1127.0,1127.0,20
2017-11-08,1105.0,1105.0,1078.0,1078.0,80
2017-11-13,1099.0,1099.0,1099.0,1099.0,60
2017-11-14,1120.0,1120.0,1120.0,1120.0,10
2017-11-15,1100.0,1232.0,1100.0,1232.0,1185
2017-11-16,1256.0,1355.0,1256.0,1355.0,4185
2017-11-19,1382.0,1479.0,1338.0,1387.0,1205
2017-11-29,1360.0,1360.0,1249.0,1249.0,150
2017-11-30,1225.0,1239.0,1125.0,1215.0,1450
2017-12-04,1238.0,1238.0,1238.0,1238.0,20
2017-12-05,1262.0,1287.0,1262.0,1287.0,60
2017-12-11,1290.0,1290.0,1290.0,1290.0,200
2017-12-17,1265.0,1265.0,1265.0,1265.0,10
2017-12-19,1240.0,1240.0,1192.0,1192.0,200
2017-12-20,1169.0,1169.0,1102.0,1102.0,420
2017-12-21,1124.0,1124.0,1124.0,1124.0,50
2017-12-24,1102.0,1168.0,1102.0,1168.0,290
2017-12-26,1145.0,1145.0,1123.0,1123.0,340
2017-12-27,1110.0,1110.0,1110.0,1110.0,100
2017-12-28,1100.0,1150.0,1100.0,1150.0,585
2017-12-31,1173.0,1196.0,1173.0,1180.0,140
2018-01-01,1160.0,1203.0,1160.0,1203.0,1345
2018-01-02,1200.0,1284.0,1200.0,1220.0,2440
2018-01-03,1199.0,1199.0,1196.0,1198.0,190
2018-01-04,1180.0,1227.0,1180.0,1205.0,245
2018-01-07,1205.0,1309.0,1205.0,1260.0,1560
2018-01-08,1285.0,1285.0,1224.0,1272.0,800
2018-01-09,1297.0,1297.0,1265.0,1266.0,960
2018-01-10,1250.0,1275.0,1250.0,1275.0,267
2018-01-14,1290.0,1300.0,1230.0,1235.0,830
2018-01-16,1259.0,1259.0,1259.0,1259.0,10
2018-01-17,1234.0,1234.0,1234.0,1234.0,10
2018-01-21,1258.0,1258.0,1258.0,1258.0,100
2018-01-24,1233.0,1233.0,1185.0,1185.0,40
2018-01-25,1208.0,1232.0,1208.0,1232.0,20
2018-02-01,1253.0,1255.0,1253.0,1255.0,60
2018-02-04,1240.0,1240.0,1192.0,1215.0,320
2018-02-05,1210.0,1210.0,1210.0,1210.0,200
2018-02-08,1210.0,1210.0,1210.0,1210.0,150
2018-02-11,1186.0,1186.0,1186.0,1186.0,10
2018-02-12,1186.0,1248.0,1205.0,1248.0,270
2018-02-14,1248.0,1248.0,1225.0,1225.0,110
2018-02-15,1210.0,1249.0,1210.0,1240.0,410
2018-02-18,1217.0,1217.0,1200.0,1200.0,740
2018-02-20,1210.0,1225.0,1210.0,1225.0,130
2018-02-22,1201.0,1201.0,1201.0,1201.0,10
2018-02-26,1178.0,1179.0,1178.0,1179.0,30
2018-02-27,1160.0,1160.0,1160.0,1160.0,40
2018-02-28,1137.0,1140.0,1137.0,1140.0,300
2018-03-04,1118.0,1118.0,1026.0,1026.0,1035
2018-03-05,1010.0,1010.0,926.0,926.0,800
2018-03-06,908.0,926.0,908.0,926.0,30
2018-03-07,944.0,1018.0,944.0,1018.0,385
2018-03-13,998.0,998.0,998.0,998.0,10
2018-03-18,1000.0,1000.0,1000.0,1000.0,20
2018-03-19,1004.0,1004.0,984.0,984.0,60
2018-03-20,1003.0,1003.0,947.0,947.0,180
2018-03-21,929.0,929.0,911.0,929.0,30
2018-03-22,911.0,918.0,900.0,918.0,550
2018-03-26,918.0,918.0,918.0,918.0,350
2018-03-27,936.0,936.0,936.0,936.0,150
2018-04-01,936.0,936.0,936.0,936.0,20
2018-04-03,954.0,954.0,954.0,954.0,10
2018-04-04,970.0,970.0,970.0,970.0,10
2018-04-05,988.0,1007.0,988.0,1007.0,630
2018-04-08,1025.0,1107.0,1007.0,1100.0,2340
2018-04-09,1122.0,1144.0,1078.0,1078.0,2640
2018-04-11,1099.0,1099.0,1016.0,1020.0,960
2018-04-12,1040.0,1100.0,1040.0,1040.0,1070
2018-04-15,1060.0,1060.0,1060.0,1060.0,500
2018-04-16,1079.0,1086.0,1065.0,1086.0,750
2018-04-17,1080.0,1152.0,1080.0,1150.0,1315
2018-04-18,1150.0,1219.0,1150.0,1200.0,1540
2018-04-19,1200.0,1224.0,1200.0,1200.0,1270
2018-04-22,1220.0,1297.0,1220.0,1297.0,1055
2018-04-23,1300.0,1326.0,1250.0,1250.0,790
2018-04-24,1265.0,1270.0,1230.0,1230.0,140
2018-04-25,1254.0,1254.0,1182.0,1182.0,680
2018-04-26,1159.0,1159.0,1159.0,1159.0,50
2018-05-02,1160.0,1182.0,1160.0,1182.0,90
2018-05-03,1205.0,1205.0,1205.0,1205.0,30
2018-05-07,1181.0,1181.0,1158.0,1158.0,230
2018-05-08,1135.0,1136.0,1125.0,1125.0,445
2018-05-09,1106.0,1106.0,1106.0,1106.0,26
2018-05-14,1128.0,1216.0,1128.0,1216.0,200
2018-05-15,1240.0,1337.0,1240.0,1337.0,210
2018-05-16,1363.0,1470.0,1360.0,1424.0,1070
2018-05-17,1396.0,1400.0,1335.0,1390.0,2140
2018-05-20,1417.0,1417.0,1340.0,1340.0,660
2018-05-21,1321.0,1340.0,1314.0,1340.0,850
2018-05-22,1325.0,1366.0,1318.0,1366.0,1345
2018-05-23,1393.0,1393.0,1340.0,1340.0,140
2018-05-24,1325.0,1389.0,1320.0,1389.0,530
2018-05-27,1362.0,1387.0,1335.0,1387.0,470
2018-05-28,1360.0,1410.0,1326.0,1405.0,2640
2018-05-29,1380.0,1380.0,1354.0,1354.0,1180
2018-05-30,1327.0,1380.0,1327.0,1353.0,370
2018-05-31,1379.0,1380.0,1360.0,1360.0,1530
2018-06-03,1333.0,1359.0,1311.0,1321.0,4418
2018-06-04,1295.0,1330.0,1295.0,1312.0,1120
2018-06-06,1338.0,1338.0,1338.0,1338.0,90
2018-06-07,1316.0,1320.0,1295.0,1301.0,900
2018-06-10,1280.0,1281.0,1250.0,1250.0,540
2018-06-11,1230.0,1273.0,1225.0,1248.0,270
2018-06-12,1268.0,1270.0,1268.0,1270.0,310
2018-06-13,1270.0,1320.0,1270.0,1320.0,40
2018-06-14,1346.0,1346.0,1292.0,1292.0,410
2018-06-17,1317.0,1317.0,1317.0,1317.0,10
2018-06-19,1291.0,1291.0,1270.0,1270.0,90
2018-06-20,1245.0,1269.0,1245.0,1269.0,30
2018-06-21,1244.0,1268.0,1244.0,1268.0,110
2018-06-24,1280.0,1305.0,1280.0,1305.0,290
2018-06-25,1279.0,1279.0,1279.0,1279.0,10
2018-06-28,1254.0,1254.0,1254.0,1254.0,100
2018-07-01,1231.0,1231.0,1221.0,1224.0,202
2018-07-03,1212.0,1212.0,1190.0,1190.0,510
2018-07-04,1213.0,1213.0,1213.0,1213.0,10
2018-07-05,1237.0,1286.0,1237.0,1286.0,270
2018-07-08,1311.0,1363.0,1311.0,1363.0,200
2018-07-10,1336.0,1336.0,1270.0,1270.0,140
2018-07-11,1250.0,1270.0,1245.0,1268.0,210
2018-07-12,1280.0,1280.0,1280.0,1280.0,50
2018-07-15,1275.0,1291.0,1266.0,1291.0,110
2018-07-16,1291.0,1351.0,1291.0,1351.0,70
2018-07-17,1350.0,1350.0,1298.0,1298.0,66
2018-07-19,1300.0,1300.0,1300.0,1300.0,10
2018-07-24,1274.0,1274.0,1248.0,1248.0,450
2018-07-25,1250.0,1260.0,1250.0,1260.0,214
2018-07-30,1265.0,1280.0,1265.0,1280.0,450
2018-07-31,1305.0,1305.0,1257.0,1257.0,75
2018-08-01,1282.0,1282.0,1265.0,1265.0,80
2018-08-02,1290.0,1290.0,1270.0,1270.0,174
2018-08-05,1295.0,1295.0,1295.0,1295.0,100
2018-08-08,1271.0,1271.0,1270.0,1270.0,110
2018-08-12,1245.0,1245.0,1240.0,1240.0,40
2018-08-14,1264.0,1343.0,1264.0,1343.0,590
2018-08-15,1350.0,1460.0,1350.0,1450.0,2418
2018-08-16,1425.0,1425.0,1341.0,1341.0,1370
2018-08-19,1330.0,1350.0,1330.0,1350.0,60
2018-08-20,1325.0,1325.0,1315.0,1320.0,1310
2018-08-21,1300.0,1325.0,1300.0,1325.0,100
2018-08-22,1299.0,1299.0,1299.0,1299.0,40
2018-08-23,1280.0,1305.0,1280.0,1305.0,35
2018-08-26,1325.0,1331.0,1325.0,1331.0,20
2018-08-28,1340.0,1340.0,1340.0,1340.0,10
2018-08-29,1314.0,1335.0,1314.0,1335.0,20
2018-09-03,1361.0,1388.0,1361.0,1388.0,40
2018-09-04,1370.0,1370.0,1370.0,1370.0,170
2018-09-05,1360.0,1380.0,1360.0,1380.0,550
2018-09-06,1360.0,1360.0,1328.0,1328.0,255
2018-09-10,1302.0,1302.0,1302.0,1302.0,20
2018-09-11,1328.0,1328.0,1310.0,1310.0,90
2018-09-12,1336.0,1336.0,1336.0,1336.0,1010
2018-09-13,1311.0,1326.0,1300.0,1300.0,620
2018-09-16,1326.0,1326.0,1326.0,1326.0,20
2018-09-17,1330.0,1340.0,1320.0,1339.0,959
2018-09-18,1350.0,1390.0,1350.0,1390.0,285
2018-09-20,1363.0,1363.0,1336.0,1336.0,40
2018-09-23,1362.0,1362.0,1320.0,1326.0,785
2018-09-25,1321.0,1373.0,1321.0,1373.0,670
2018-09-26,1347.0,1400.0,1347.0,1370.0,1060
2018-09-27,1350.0,1456.0,1350.0,1404.0,2451
2018-09-30,1420.0,1420.0,1392.0,1403.0,1244
2018-10-01,1400.0,1481.0,1400.0,1478.0,3296
2018-10-02,1507.0,1550.0,1475.0,1504.0,706
2018-10-03,1477.0,1477.0,1476.0,1476.0,250
2018-10-04,1450.0,1450.0,1422.0,1450.0,60
2018-10-07,1421.0,1501.0,1421.0,1501.0,130
2018-10-08,1510.0,1549.0,1505.0,1520.0,7119
2018-10-09,1490.0,1519.0,1490.0,1509.0,560
2018-10-10,1480.0,1500.0,1480.0,1500.0,845
2018-10-11,1480.0,1480.0,1470.0,1470.0,200
2018-10-14,1451.0,1470.0,1450.0,1454.0,640
2018-10-15,1483.0,1505.0,1454.0,1454.0,280
2018-10-21,1483.0,1510.0,1483.0,1510.0,20
2018-10-22,1480.0,1480.0,1440.0,1442.0,270
2018-10-24,1470.0,1470.0,1470.0,1470.0,50
2018-10-25,1442.0,1442.0,1441.0,1441.0,550
2018-10-28,1414.0,1425.0,1413.0,1425.0,1260
2018-10-29,1400.0,1405.0,1400.0,1402.0,240
2018-10-30,1430.0,1458.0,1430.0,1458.0,20
2018-10-31,1485.0,1485.0,1485.0,1485.0,70
2018-11-01,1456.0,1456.0,1456.0,1456.0,20
2018-11-04,1427.0,1427.0,1390.0,1390.0,60
2018-11-05,1366.0,1393.0,1366.0,1393.0,220
2018-11-06,1390.0,1390.0,1390.0,1390.0,100
2018-11-20,1363.0,1390.0,1363.0,1363.0,40
2018-11-22,1390.0,1390.0,1363.0,1390.0,10
2018-11-26,1363.0,1363.0,1363.0,1363.0,60
2018-12-03,1363.0,1363.0,1363.0,1363.0,140
2018-12-05,1336.0,1336.0,1285.0,1285.0,100
2018-12-06,1285.0,1285.0,1250.0,1250.0,230
2018-12-09,1245.0,1245.0,1245.0,1245.0,140
2018-12-10,1221.0,1221.0,1197.0,1197.0,50
2018-12-11,1220.0,1220.0,1220.0,1220.0,50
2018-12-12,1240.0,1240.0,1240.0,1240.0,30
2018-12-13,1264.0,1264.0,1264.0,1264.0,100
2018-12-16,1265.0,1265.0,1265.0,1265.0,25
2018-12-17,1290.0,1290.0,1290.0,1290.0,50
2018-12-18,1290.0,1330.0,1290.0,1330.0,165
2018-12-19,1356.0,1356.0,1340.0,1340.0,85
2018-12-23,1314.0,1314.0,1314.0,1314.0,10
2018-12-24,1290.0,1326.0,1290.0,1326.0,50
2018-12-26,1352.0,1378.0,1352.0,1378.0,20
2018-12-27,1400.0,1461.0,1400.0,1461.0,300
2018-12-30,1432.0,1432.0,1432.0,1432.0,50
2018-12-31,1460.0,1460.0,1460.0,1460.0,10
2019-01-06,1431.0,1431.0,1403.0,1403.0,20
2019-01-07,1390.0,1390.0,1376.0,1376.0,40
2019-01-08,1351.0,1360.0,1335.0,1360.0,630
2019-01-09,1387.0,1442.0,1387.0,1414.0,50
2019-01-10,1390.0,1390.0,1389.0,1389.0,90
2019-01-15,1365.0,1365.0,1362.0,1362.0,310
2019-01-16,1389.0,1409.0,1370.0,1370.0,240
2019-01-17,1397.0,1397.0,1384.0,1384.0,300
2019-01-20,1357.0,1357.0,1357.0,1357.0,20
2019-01-22,1330.0,1356.0,1330.0,1356.0,60
2019-01-28,1331.0,1331.0,1330.0,1330.0,50
2019-01-29,1304.0,1356.0,1304.0,1356.0,220
2019-01-30,1350.0,1350.0,1350.0,1350.0,50
2019-01-31,1350.0,1377.0,1350.0,1370.0,105
2019-02-04,1390.0,1390.0,1390.0,1390.0,10
2019-02-06,1363.0,1363.0,1363.0,1363.0,20
2019-02-10,1364.0,1364.0,1340.0,1340.0,115
2019-02-12,1366.0,1417.0,1366.0,1367.0,1700
2019-02-13,1394.0,1394.0,1367.0,1367.0,150
2019-02-14,1340.0,1340.0,1325.0,1325.0,70
2019-02-17,1325.0,1325.0,1305.0,1305.0,905
2019-02-18,1331.0,1355.0,1331.0,1355.0,20
2019-02-19,1328.0,1382.0,1328.0,1382.0,110
2019-02-20,1409.0,1409.0,1409.0,1409.0,10
2019-02-21,1381.0,1381.0,1354.0,1354.0,261
2019-02-24,1355.0,1355.0,1327.0,1327.0,250
2019-02-25,1350.0,1377.0,1350.0,1377.0,20
2019-02-26,1350.0,1350.0,1323.0,1323.0,130
2019-02-27,1321.0,1321.0,1310.0,1321.0,484
2019-03-03,1306.0,1306.0,1306.0,1306.0,10
2019-03-05,1280.0,1320.0,1280.0,1320.0,597
2019-03-06,1310.0,1337.0,1310.0,1337.0,1095
2019-03-07,1317.0,1343.0,1317.0,1343.0,440
2019-03-11,1359.0,1360.0,1359.0,1360.0,150
2019-03-12,1385.0,1414.0,1385.0,1414.0,51
2019-03-13,1386.0,1386.0,1332.0,1332.0,400
2019-03-14,1358.0,1358.0,1331.0,1331.0,20
2019-03-17,1357.0,1357.0,1350.0,1350.0,80
2019-03-18,1375.0,1377.0,1375.0,1377.0,240
2019-03-19,1351.0,1351.0,1350.0,1350.0,240
2019-03-21,1375.0,1377.0,1355.0,1355.0,70
2019-03-24,1335.0,1335.0,1335.0,1335.0,195
2019-03-25,1355.0,1355.0,1355.0,1355.0,10
2019-03-26,1350.0,1350.0,1350.0,1350.0,50
2019-03-31,1350.0,1382.0,1345.0,1382.0,360
2019-04-01,1389.0,1389.0,1362.0,1362.0,80
2019-04-03,1345.0,1345.0,1340.0,1340.0,70
2019-04-04,1364.0,1366.0,1364.0,1366.0,30
2019-04-07,1341.0,1341.0,1341.0,1341.0,10
2019-04-08,1331.0,1335.0,1330.0,1335.0,120
2019-04-10,1330.0,1350.0,1330.0,1350.0,140
2019-04-15,1377.0,1390.0,1377.0,1390.0,240
2019-04-16,1385.0,1385.0,1365.0,1366.0,610
2019-04-17,1347.0,1380.0,1346.0,1380.0,450
2019-04-18,1400.0,1407.0,1400.0,1400.0,840
2019-04-21,1373.0,1373.0,1372.0,1372.0,20
2019-04-22,1352.0,1352.0,1350.0,1350.0,280
2019-04-23,1360.0,1399.0,1360.0,1399.0,250
2019-04-24,1372.0,1380.0,1370.0,1380.0,170
2019-04-25,1380.0,1395.0,1380.0,1395.0,400
2019-04-28,1395.0,1433.0,1370.0,1420.0,785
2019-04-29,1400.0,1428.0,1392.0,1428.0,160
2019-04-30,1405.0,1405.0,1405.0,1405.0,40
2019-05-02,1405.0,1479.0,1405.0,1479.0,1272
2019-05-05,1450.0,1479.0,1450.0,1454.0,1025
2019-05-06,1483.0,1500.0,1480.0,1500.0,450
2019-05-07,1530.0,1650.0,1519.0,1650.0,1955
2019-05-08,1683.0,1815.0,1683.0,1815.0,1444
2019-05-09,1851.0,1996.0,1813.0,1955.0,3553
2019-05-12,1916.0,2068.0,1860.0,2059.0,1270
2019-05-13,2018.0,2018.0,1863.0,1934.0,1789
2019-05-14,1965.0,2044.0,1950.0,2004.0,770
2019-05-15,2004.0,2035.0,1883.0,1883.0,290
2019-05-16,1846.0,1920.0,1789.0,1920.0,1240
2019-05-19,1920.0,1958.0,1870.0,1949.0,14840
2019-05-20,1987.0,2070.0,1955.0,1999.0,41624
2019-05-21,2038.0,2065.0,1880.0,1908.0,9730
2019-05-22,1870.0,1871.0,1780.0,1780.0,6522
2019-05-23,1748.0,1845.0,1748.0,1809.0,39065
2019-05-26,1896.0,1974.0,1666.0,1666.0,14371
2019-05-27,1699.0,1742.0,1680.0,1680.0,2685
2019-05-28,1713.0,1713.0,1596.0,1596.0,2650
2019-05-29,1600.0,1755.0,1600.0,1755.0,5826
2019-05-30,1842.0,1842.0,1681.0,1720.0,3010
2019-06-02,1699.0,1724.0,1653.0,1715.0,550
2019-06-03,1690.0,1690.0,1650.0,1650.0,990
2019-06-04,1651.0,1683.0,1650.0,1680.0,520
2019-06-06,1662.0,1675.0,1652.0,1652.0,715
2019-06-10,1680.0,1734.0,1680.0,1734.0,2425
2019-06-11,1710.0,1780.0,1710.0,1750.0,5325
2019-06-12,1723.0,1740.0,1717.0,1717.0,1025
2019-06-13,1751.0,1751.0,1716.0,1744.0,810
2019-06-16,1711.0,1711.0,1678.0,1678.0,1337
2019-06-17,1711.0,1729.0,1680.0,1729.0,90
2019-06-18,1695.0,1727.0,1695.0,1727.0,30
2019-06-19,1700.0,1720.0,1700.0,1720.0,610
2019-06-20,1754.0,1754.0,1700.0,1710.0,1000
2019-06-23,1710.0,1710.0,1666.0,1666.0,1300
2019-06-24,1670.0,1700.0,1670.0,1700.0,540
2019-06-25,1715.0,1715.0,1673.0,1673.0,350
2019-06-26,1655.0,1705.0,1655.0,1690.0,117345
2019-06-27,1660.0,1729.0,1657.0,1723.0,89770
2019-06-30,1710.0,1729.0,1675.0,1683.0,15360
2019-07-01,1697.0,1707.0,1675.0,1680.0,7470
2019-07-02,1680.0,1689.0,1675.0,1675.0,1380
2019-07-03,1675.0,1686.0,1666.0,1677.0,2495
2019-07-04,1670.0,1686.0,1660.0,1678.0,7425
2019-07-07,1678.0,1710.0,1678.0,1685.0,3195
2019-07-08,1700.0,1715.0,1680.0,1680.0,3305
2019-07-09,1699.0,1700.0,1666.0,1680.0,405
2019-07-10,1670.0,1670.0,1656.0,1656.0,1125
2019-07-11,1651.0,1665.0,1651.0,1665.0,1011
2019-07-14,1651.0,1675.0,1650.0,1650.0,515
2019-07-15,1674.0,1674.0,1660.0,1665.0,235
2019-07-16,1675.0,1679.0,1650.0,1670.0,1059
2019-07-17,1652.0,1652.0,1652.0,1652.0,170
2019-07-21,1652.0,1652.0,1652.0,1652.0,960
2019-07-22,1641.0,1650.0,1617.0,1635.0,2937
2019-07-23,1625.0,1625.0,1604.0,1610.0,1675
2019-07-24,1630.0,1630.0,1600.0,1629.0,710
2019-07-25,1600.0,1618.0,1585.0,1614.0,3110
2019-07-28,1585.0,1585.0,1576.0,1576.0,450
2019-07-29,1580.0,1580.0,1515.0,1562.0,1440
2019-07-30,1575.0,1575.0,1575.0,1575.0,10
2019-07-31,1575.0,1596.0,1575.0,1578.0,420
2019-08-01,1609.0,1614.0,1578.0,1606.0,498
2019-08-04,1580.0,1598.0,1575.0,1575.0,620
2019-08-05,1561.0,1561.0,1544.0,1544.0,830
2019-08-07,1531.0,1535.0,1520.0,1520.0,1010
2019-08-08,1520.0,1535.0,1518.0,1535.0,390
2019-08-11,1510.0,1529.0,1501.0,1501.0,815
2019-08-12,1509.0,1525.0,1496.0,1496.0,600
2019-08-13,1518.0,1548.0,1518.0,1518.0,410
2019-08-14,1530.0,1544.0,1530.0,1544.0,110
2019-08-15,1574.0,1637.0,1559.0,1600.0,2003
2019-08-18,1632.0,1649.0,1600.0,1600.0,1360
2019-08-19,1590.0,1590.0,1577.0,1577.0,304
2019-08-20,1597.0,1597.0,1560.0,1560.0,620
2019-08-21,1556.0,1556.0,1554.0,1555.0,242
2019-08-22,1555.0,1578.0,1551.0,1578.0,1325
2019-08-25,1552.0,1555.0,1551.0,1551.0,3685
2019-08-26,1550.0,1560.0,1550.0,1560.0,386
2019-08-27,1590.0,1607.0,1580.0,1606.0,2355
2019-08-28,1606.0,1618.0,1550.0,1550.0,855
2019-08-29,1565.0,1565.0,1553.0,1553.0,310
2019-09-01,1524.0,1553.0,1500.0,1505.0,4230
2019-09-02,1502.0,1502.0,1480.0,1480.0,460
2019-09-03,1490.0,1530.0,1472.0,1530.0,3332
2019-09-04,1501.0,1535.0,1500.0,1500.0,2050
2019-09-05,1530.0,1543.0,1500.0,1500.0,750
2019-09-10,1480.0,1524.0,1470.0,1524.0,200
2019-09-11,1494.0,1494.0,1494.0,1494.0,50
2019-09-12,1472.0,1474.0,1450.0,1450.0,915
2019-09-15,1444.0,1445.0,1423.0,1423.0,790
2019-09-16,1423.0,1423.0,1365.0,1392.0,860
2019-09-17,1400.0,1504.0,1400.0,1504.0,515
2019-09-18,1534.0,1540.0,1504.0,1536.0,2205
2019-09-19,1506.0,1520.0,1492.0,1492.0,827
2019-09-22,1464.0,1494.0,1445.0,1445.0,1331
2019-09-23,1465.0,1473.0,1445.0,1473.0,455
2019-09-24,1470.0,1470.0,1431.0,1431.0,1015
2019-09-25,1431.0,1431.0,1430.0,1430.0,50
2019-09-26,1418.0,1457.0,1405.0,1428.0,565
2019-09-29,1405.0,1440.0,1405.0,1417.0,455
2019-09-30,1440.0,1445.0,1440.0,1445.0,150
2019-10-01,1450.0,1465.0,1450.0,1451.0,7300
2019-10-02,1475.0,1490.0,1465.0,1465.0,580
2019-10-03,1480.0,1480.0,1470.0,1470.0,130
2019-10-14,1490.0,1490.0,1461.0,1461.0,35
2019-10-17,1450.0,1477.0,1450.0,1477.0,47
2019-10-20,1450.0,1460.0,1430.0,1430.0,465
2019-10-21,1450.0,1450.0,1402.0,1402.0,457
2019-10-22,1425.0,1458.0,1425.0,1458.0,350
2019-10-23,1440.0,1464.0,1436.0,1451.0,1055
2019-10-24,1443.0,1498.0,1443.0,1470.0,723
2019-10-31,1498.0,1499.0,1457.0,1490.0,835
2019-11-03,1461.0,1461.0,1445.0,1453.0,330
2019-11-04,1470.0,1480.0,1470.0,1480.0,348
2019-11-05,1500.0,1540.0,1500.0,1539.0,5280
2019-11-06,1568.0,1580.0,1521.0,1525.0,1318
2019-11-07,1601.0,1601.0,1508.0,1519.0,620
2019-11-10,1525.0,1555.0,1500.0,1555.0,2070
2019-11-11,1632.0,1710.0,1632.0,1710.0,1510
2019-11-12,1795.0,1866.0,1770.0,1839.0,38723
2019-11-13,1810.0,1835.0,1778.0,1780.0,5018
2019-11-14,1800.0,1815.0,1790.0,1799.0,7390
2019-11-17,1800.0,1805.0,1770.0,1784.0,6725
2019-11-18,1799.0,1800.0,1757.0,1774.0,2199
2019-11-19,1805.0,1805.0,1750.0,1765.0,6274
2019-11-20,1799.0,1800.0,1760.0,1760.0,4972
2019-11-21,1790.0,1790.0,1750.0,1750.0,3740
2019-11-24,1748.0,1750.0,1730.0,1735.0,3213
2019-11-25,1764.0,1764.0,1704.0,1740.0,2910
2019-11-26,1750.0,1755.0,1735.0,1750.0,1240
2019-11-27,1778.0,1790.0,1755.0,1788.0,9835
2019-11-28,1788.0,1790.0,1742.0,1750.0,18980
2019-12-01,1166.67,1180.0,1123.0,1178.0,6478
2019-12-02,1190.0,1199.0,1176.0,1176.0,2335
2019-12-03,1195.0,1243.0,1180.0,1243.0,5378
2019-12-04,1245.0,1284.0,1243.0,1265.0,13177
2019-12-05,1290.0,1290.0,1235.0,1235.0,9345
2019-12-08,1250.0,1265.0,1230.0,1238.0,4039
2019-12-09,1259.0,1300.0,1242.0,1275.0,9777
2019-12-10,1275.0,1290.0,1250.0,1268.0,5638
2019-12-11,1251.0,1276.0,1251.0,1260.0,2660
2019-12-12,1255.0,1260.0,1240.0,1241.0,4178
2019-12-15,1250.0,1270.0,1250.0,1255.0,5236
2019-12-16,1265.0,1265.0,1245.0,1245.0,1565
2019-12-17,1262.0,1264.0,1248.0,1249.0,2850
2019-12-18,1249.0,1250.0,1238.0,1238.0,5285
2019-12-19,1245.0,1245.0,1225.0,1225.0,3060
2019-12-22,1233.0,1255.0,1230.0,1240.0,5625
2019-12-23,1264.0,1275.0,1226.0,1254.0,19926
2019-12-24,1260.0,1278.0,1230.0,1244.0,20220
2019-12-25,1245.0,1260.0,1218.0,1220.0,20515
2019-12-26,1229.0,1239.0,1181.0,1181.0,17595
2019-12-29,1200.0,1215.0,1180.0,1194.0,10341
2019-12-30,1200.0,1270.0,1191.0,1253.0,19593
2019-12-31,1263.0,1270.0,1220.0,1230.0,20477
2020-01-01,1290.0,1290.0,1216.0,1216.0,13680
2020-01-02,1220.0,1230.0,1214.0,1215.0,15377
2020-01-05,1235.0,1239.0,1200.0,1208.0,20703
2020-01-06,1215.0,1219.0,1208.0,1211.0,5388
2020-01-07,1225.0,1225.0,1205.0,1213.0,5512
2020-01-08,1210.0,1215.0,1200.0,1208.0,3920
2020-01-09,1209.0,1210.0,1198.0,1202.0,7834
2020-01-12,1225.0,1246.0,1213.0,1235.0,6058
2020-01-13,1250.0,1275.0,1215.0,1224.0,17693
2020-01-14,1230.0,1250.0,1219.0,1241.0,20310
2020-01-15,1250.0,1259.0,1234.0,1248.0,9409
2020-01-16,1259.0,1285.0,1250.0,1279.0,115512
2020-01-19,1299.0,1335.0,1280.0,1300.0,93257
2020-01-20,1314.0,1340.0,1275.0,1280.0,163125
2020-01-21,1295.0,1300.0,1257.0,1274.0,82968
2020-01-22,1270.0,1279.0,1255.0,1259.0,19576
2020-01-23,1255.0,1260.0,1234.0,1245.0,17585
2020-01-26,1269.0,1269.0,1224.0,1231.0,8935
2020-01-27,1245.0,1245.0,1216.0,1239.0,11987
2020-01-28,1245.0,1261.0,1220.0,1243.0,20186
2020-01-29,1220.0,1235.0,1205.0,1213.0,22124
2020-01-30,1211.0,1230.0,1205.0,1205.0,14825
2020-02-02,1229.0,1290.0,1217.0,1225.0,49965
2020-02-03,1249.0,1251.0,1220.0,1220.0,28061
2020-02-04,1224.0,1229.0,1210.0,1217.0,20345
2020-02-05,1230.0,1235.0,1215.0,1223.0,8940
2020-02-06,1242.0,1244.0,1218.0,1219.0,12444
2020-02-09,1220.0,1228.0,1210.0,1217.0,8692
2020-02-10,1218.0,1227.0,1215.0,1219.0,4480
2020-02-11,1225.0,1230.0,1220.0,1225.0,11528
2020-02-12,1235.0,1240.0,1226.0,1229.0,11690
2020-02-13,1248.0,1351.0,1245.0,1351.0,90962
2020-02-16,1351.0,1436.0,1320.0,1429.0,128867
2020-02-17,1452.0,1454.0,1395.0,1400.0,72592
2020-02-18,1400.0,1457.0,1400.0,1429.0,64022
2020-02-19,1450.0,1570.0,1416.0,1550.0,86866
2020-02-20,1579.0,1624.0,1549.0,1591.0,76542
2020-02-23,1622.0,1689.0,1590.0,1644.0,62997
2020-02-24,1660.0,1693.0,1622.0,1670.0,61801
2020-02-25,1693.0,1837.0,1645.0,1837.0,92255
2020-02-26,1873.0,1989.0,1873.0,1880.0,87071
2020-02-27,1880.0,1913.0,1779.0,1809.0,63082
2020-03-01,1805.0,1832.0,1756.0,1772.0,63816
2020-03-02,1750.0,1784.0,1681.0,1681.0,37578
2020-03-03,1680.0,1780.0,1624.0,1724.0,83945
2020-03-04,1758.0,1758.0,1605.0,1619.0,79695
2020-03-05,1588.0,1670.0,1564.0,1616.0,39716
2020-03-10,1609.0,1615.0,1501.0,1502.0,25007
2020-03-11,1500.0,1607.0,1500.0,1585.0,75630
2020-03-12,1585.0,1600.0,1515.0,1516.0,45675
2020-03-15,1506.0,1520.0,1434.0,1434.0,37442
2020-03-16,1434.0,1496.0,1390.0,1418.0,29042
2020-03-17,1446.0,1450.0,1340.0,1359.0,33944
2020-03-18,1360.0,1394.0,1310.0,1328.0,20856
2020-03-19,1304.0,1335.0,1270.0,1304.0,244563
2020-03-22,1327.0,1328.0,1275.0,1280.0,11330
2020-05-12,1243.0,1243.0,1242.0,1242.0,110
2020-05-13,1218.0,1218.0,1205.0,1205.0,40
2020-06-29,1181.0,1325.0,1140.0,1325.0,27675
2020-06-30,1350.0,1457.0,1350.0,1457.0,25495
2020-07-01,1470.0,1601.0,1470.0,1575.0,27096
2020-07-02,1600.0,1600.0,1418.0,1424.0,26660
2020-07-05,1420.0,1485.0,1415.0,1465.0,27893
2020-07-06,1454.0,1525.0,1454.0,1495.0,20701
2020-07-07,1510.0,1570.0,1496.0,1530.0,38238
2020-07-08,1530.0,1570.0,1496.0,1527.0,21187
2020-07-09,1528.0,1542.0,1503.0,1538.0,15870
2020-07-12,1568.0,1599.0,1540.0,1573.0,18065
2020-07-13,1580.0,1640.0,1572.0,1637.0,35360
2020-07-14,1669.0,1669.0,1601.0,1606.0,22438
2020-07-15,1600.0,1625.0,1593.0,1599.0,26963
2020-07-16,1610.0,1620.0,1595.0,1618.0,10906
2020-07-19,1650.0,1779.0,1650.0,1779.0,1500
2020-07-20,1814.0,1814.0,1637.0,1670.0,47717
2020-07-21,1651.0,1776.0,1651.0,1755.0,82166
2020-07-22,1760.0,1810.0,1732.0,1739.0,42378
2020-07-23,1739.0,1759.0,1723.0,1753.0,18768
2020-07-26,1760.0,1795.0,1750.0,1787.0,36203
2020-07-27,1796.0,1797.0,1736.0,1741.0,14804
2020-07-28,1750.0,1755.0,1706.0,1706.0,31706
2020-07-29,1710.0,1710.0,1676.0,1683.0,28148
2020-07-30,1695.0,1725.0,1666.0,1700.0,14529
2020-08-02,1681.0,1690.0,1640.0,1646.0,44311
2020-08-03,1646.0,1675.0,1626.0,1660.0,12965
2020-08-05,1647.0,1653.0,1631.0,1635.0,25436
2020-08-06,1635.0,1650.0,1615.0,1644.0,9397
2020-08-09,1635.0,1670.0,1620.0,1670.0,10092
2020-08-10,1690.0,1720.0,1670.0,1718.0,25639
2020-08-11,1750.0,1750.0,1690.0,1700.0,23615
2020-08-12,1677.0,1708.0,1677.0,1707.0,14839
2020-08-13,1697.0,1699.0,1677.0,1681.0,14985
2020-08-16,1660.0,1665.0,1597.0,1640.0,27421
2020-08-17,1648.0,1665.0,1634.0,1660.0,9537
2020-08-18,1651.0,1679.0,1650.0,1667.0,4675
2020-08-19,1636.0,1664.0,1626.0,1637.0,7274
2020-08-20,1637.0,1668.0,1637.0,1652.0,3506
2020-08-23,1670.0,1688.0,1654.0,1676.0,9661
2020-08-24,1704.0,1750.0,1704.0,1735.0,31543
2020-08-25,1748.0,1748.0,1710.0,1720.0,13370
2020-08-26,1735.0,1740.0,1710.0,1720.0,12970
2020-08-27,1725.0,1730.0,1710.0,1729.0,17616
2020-08-30,1729.0,1770.0,1705.0,1769.0,18356
2020-08-31,1795.0,1846.0,1780.0,1820.0,84373
2020-09-02,1825.0,1878.0,1824.0,1829.0,56496
2020-09-03,1860.0,1860.0,1793.0,1800.0,27047
2020-09-06,1850.0,1850.0,1760.0,1780.0,39347
2020-09-07,1761.0,1794.0,1758.0,1762.0,19413
2020-09-08,1762.0,1797.0,1740.0,1778.0,17035
2020-09-09,1813.0,1849.0,1800.0,1827.0,48116
2020-09-10,1850.0,1900.0,1829.0,1832.0,31956
2020-09-13,1832.0,1875.0,1810.0,1843.0,19252
2020-09-14,1850.0,1850.0,1810.0,1810.0,28116
2020-09-15,1811.0,1830.0,1790.0,1799.0,21454
2020-09-16,1800.0,1815.0,1795.0,1815.0,11083
2020-09-17,1824.0,1860.0,1824.0,1833.0,18047
2020-09-20,1855.0,1855.0,1817.0,1817.0,15199
2020-09-21,1806.0,1840.0,1805.0,1824.0,16621
2020-09-22,1829.0,1842.0,1780.0,1800.0,32376
2020-09-23,1800.0,1825.0,1785.0,1806.0,10033
2020-09-24,1805.0,1820.0,1805.0,1808.0,9969
2020-09-27,1820.0,1830.0,1805.0,1807.0,7497
2020-09-28,1805.0,1806.0,1787.0,1790.0,16104
2020-09-29,1790.0,1820.0,1773.0,1773.0,14229
2020-09-30,1861.0,1861.0,1764.0,1774.0,4498
2020-10-01,1799.0,1825.0,1782.0,1820.0,10138
2020-10-04,1833.0,1920.0,1820.0,1909.0,63746
2020-10-05,1910.0,1948.0,1897.0,1898.0,47052
2020-10-06,1898.0,1905.0,1860.0,1875.0,10480
2020-10-07,1860.0,1900.0,1860.0,1875.0,25491
2020-10-08,1899.0,1930.0,1875.0,1879.0,26867
2020-10-11,1870.0,1895.0,1855.0,1855.0,11855
2020-10-12,1855.0,1864.0,1837.0,1839.0,10435
2020-10-13,1855.0,1855.0,1816.0,1822.0,10285
2020-10-14,1817.0,1838.0,1813.0,1820.0,12366
2020-10-15,1911.0,1911.0,1804.0,1808.0,8202
2020-10-19,1840.0,1840.0,1810.0,1820.0,5646
2020-10-20,1820.0,1834.0,1820.0,1831.0,2668
2020-10-21,1830.0,1845.0,1826.0,1827.0,3985
2020-10-22,1840.0,1850.0,1825.0,1843.0,9993
2020-10-28,1850.0,1873.0,1850.0,1869.0,6783
2020-10-29,1860.0,1902.0,1857.0,1875.0,15849
2020-11-01,1899.0,1899.0,1875.0,1877.0,11425
2020-11-02,1890.0,1890.0,1867.0,1876.0,7763
2020-11-03,1889.0,1889.0,1870.0,1875.0,4703
2020-11-04,1890.0,1890.0,1871.0,1884.0,7390
2020-11-05,1853.0,1975.0,1852.0,1965.0,51908
2020-11-08,2000.0,2161.0,2000.0,2161.0,75723
2020-11-09,2265.0,2299.0,2170.0,2190.0,59924
2020-11-10,2220.0,2320.0,2170.0,2278.0,91668
2020-11-11,2319.0,2498.0,2300.0,2479.0,78642
2020-11-12,2485.0,2533.0,2420.0,2420.0,86809
2020-11-18,2541.0,2662.0,2541.0,2662.0,33535
2020-11-19,2795.0,2928.0,2795.0,2928.0,92818
2020-11-22,3074.0,3074.0,2800.0,2846.0,92844
2020-11-23,2988.0,3130.0,2780.0,3115.0,97604
2020-11-24,3200.0,3426.0,3200.0,3426.0,62022
2020-11-25,3597.0,3768.0,3526.0,3675.0,31157
2020-11-26,3700.0,3740.0,3548.0,3575.0,60812
2020-11-29,3700.0,3700.0,3480.0,3600.0,66087
2020-11-30,3670.0,3845.0,3597.0,3771.0,39022
2020-12-01,3750.0,3810.0,3651.0,3700.0,36458
2020-12-02,3700.0,4070.0,3700.0,4070.0,56585
2020-12-03,4273.0,4299.0,3990.0,4000.0,31207
2020-12-06,3920.0,3976.0,3600.0,3602.0,35736
2020-12-07,3500.0,3849.0,3500.0,3820.0,36812
2020-12-08,3896.0,4000.0,3775.0,3849.0,19375
2020-12-09,3899.0,3899.0,3626.0,3709.0,18335
2020-12-10,3735.0,4079.0,3661.0,4045.0,46145
2020-12-13,4246.0,4445.0,4079.0,4415.0,70979
2020-12-14,4635.0,4635.0,4350.0,4398.0,36993
2020-12-15,4398.0,4450.0,4165.0,4280.0,35800
2020-12-16,4280.0,4427.0,4201.0,4375.0,30182
2020-12-17,4375.0,4462.0,4250.0,4400.0,38435
2020-12-20,4620.0,4840.0,4312.0,4560.0,79803
2020-12-21,4600.0,4780.0,4244.0,4682.0,59026
2020-12-22,4775.0,4870.0,4655.0,4670.0,43201
2020-12-23,4800.0,4800.0,4588.0,4635.0,32249
2020-12-24,4600.0,4650.0,4486.0,4549.0,17661
2020-12-27,4459.0,4569.0,4400.0,4500.0,24033
2020-12-28,4500.0,4500.0,4391.0,4420.0,18641
2020-12-29,4450.0,4700.0,4425.0,4635.0,43534
2020-12-30,4685.0,5098.0,4675.0,5098.0,57914
2020-12-31,5350.0,5607.0,5221.0,5280.0,87291
2021-01-03,3695.0,3872.0,3695.0,3872.0,11710
2021-01-04,4065.0,4228.0,3822.0,3850.0,58215
2021-01-05,3850.0,3860.0,3725.0,3744.0,28128
2021-01-06,3744.0,3927.0,3744.0,3905.0,40378
2021-01-07,3982.0,4246.0,3980.0,4192.0,48512
2021-01-10,4275.0,4386.0,4235.0,4250.0,30230
2021-01-11,4250.0,4300.0,4129.0,4175.0,26572
2021-01-12,4185.0,4195.0,4146.0,4170.0,12601
2021-01-13,4199.0,4320.0,4171.0,4320.0,28468
2021-01-17,4405.0,4475.0,4290.0,4465.0,27907
2021-01-18,4465.0,4590.0,4360.0,4394.0,21971
2021-01-19,4360.0,4420.0,4320.0,4391.0,39903
2021-01-20,4500.0,4500.0,4313.0,4358.0,15224
2021-01-21,4385.0,4420.0,4362.0,4395.0,21089
2021-01-24,4397.0,4500.0,4397.0,4420.0,21903
2021-01-25,4500.0,4500.0,4420.0,4429.0,25492
2021-01-26,4400.0,4488.0,4380.0,4381.0,14715
2021-01-27,4440.0,4440.0,4379.0,4409.0,20002
2021-01-28,4450.0,4849.0,4420.0,4800.0,67880
2021-01-31,4850.0,4950.0,4653.0,4734.0,45737
2021-02-01,4799.0,4885.0,4760.0,4800.0,21535
2021-02-02,4810.0,4870.0,4797.0,4833.0,15775
2021-02-03,4897.0,4898.0,4760.0,4800.0,26791
2021-02-04,4749.0,5010.0,4671.0,4940.0,29592
2021-02-07,4940.0,4990.0,4753.0,4814.0,109685
2021-02-08,4815.0,4900.0,4695.0,4700.0,46948
2021-02-09,4750.0,4750.0,4612.0,4660.0,46464
2021-02-10,4740.0,4740.0,4580.0,4590.0,24613
2021-02-11,4361.0,4650.0,4361.0,4451.0,30331
2021-02-14,4451.0,4460.0,4316.0,4350.0,34548
2021-02-15,4437.0,4680.0,4435.0,4590.0,19921
2021-02-16,4590.0,4729.0,4410.0,4450.0,60201
2021-02-17,4450.0,4500.0,4380.0,4418.0,31884
2021-02-18,4407.0,4480.0,4380.0,4428.0,19781
2021-02-21,4380.0,4575.0,4380.0,4519.0,27149
2021-02-22,4520.0,4525.0,4385.0,4403.0,32999
2021-02-23,4375.0,4390.0,4240.0,4352.0,33859
2021-02-24,4569.0,4569.0,4282.0,4311.0,14090
2021-02-25,4096.0,4398.0,4015.0,4250.0,29628
2021-02-28,4270.0,4300.0,4095.0,4101.0,34747
2021-03-01,4067.0,4210.0,4001.0,4138.0,24731
2021-03-02,4150.0,4150.0,3925.0,3980.0,41381
2021-03-03,3970.0,4039.0,3890.0,3939.0,35526
2021-03-04,4017.0,4259.0,4000.0,4190.0,27557
2021-03-07,4300.0,4300.0,4141.0,4150.0,24500
2021-03-09,4150.0,4174.0,4050.0,4061.0,11376
2021-03-10,4050.0,4100.0,3980.0,4080.0,15063
2021-03-14,4100.0,4100.0,3920.0,3955.0,20291
2021-03-15,3910.0,4110.0,3879.0,3931.0,13442
2021-03-16,3931.0,3999.0,3901.0,3946.0,9354
2021-03-17,3950.0,4085.0,3905.0,4070.0,13172
2021-03-18,4090.0,4205.0,4090.0,4150.0,17430
2021-03-21,4205.0,4335.0,4195.0,4299.0,28358
2021-03-22,4376.0,4376.0,4190.0,4190.0,16918
2021-03-23,4190.0,4190.0,4118.0,4135.0,15437
2021-03-24,4150.0,4279.0,4150.0,4168.0,17549
2021-03-25,4200.0,4238.0,4121.0,4150.0,17269
2021-03-29,4230.0,4230.0,4100.0,4118.0,23142
2021-03-30,4195.0,4195.0,4115.0,4135.0,10285
2021-03-31,4160.0,4220.0,4160.0,4216.0,13844
2021-04-01,4216.0,4334.0,4191.0,4241.0,18243
2021-04-04,4250.0,4250.0,4190.0,4194.0,14735
2021-04-05,4403.0,4403.0,4170.0,4275.0,27615
2021-04-06,4310.0,4530.0,4240.0,4453.0,50592
2021-04-07,4530.0,4630.0,4400.0,4410.0,19413
2021-04-08,4442.0,4450.0,4341.0,4360.0,15755
2021-04-12,4360.0,4437.0,4306.0,4401.0,16697
2021-04-13,4360.0,4440.0,4360.0,4427.0,9900
2021-04-15,4440.0,4570.0,4380.0,4488.0,35505
2021-04-18,4500.0,4547.0,4400.0,4435.0,22739
2021-04-19,4390.0,4444.0,4347.0,4360.0,12836
2021-04-20,4350.0,4420.0,4330.0,4363.0,9926
2021-04-21,4385.0,4400.0,4280.0,4289.0,12362
2021-04-22,4260.0,4335.0,4230.0,4334.0,11046
2021-04-25,4334.0,4334.0,4180.0,4201.0,17523
2021-04-26,4117.0,4269.0,4075.0,4113.0,31950
2021-04-27,4179.0,4350.0,4113.0,4325.0,25577
2021-04-28,4355.0,4425.0,4290.0,4350.0,18536
2021-04-29,4383.0,4490.0,4357.0,4465.0,22052
2021-05-02,4600.0,4645.0,4430.0,4638.0,46281
2021-05-03,4678.0,4740.0,4603.0,4620.0,31766
2021-05-04,4640.0,4680.0,4592.0,4630.0,29362
2021-05-05,4655.0,4660.0,4565.0,4565.0,21993
2021-05-06,4700.0,4700.0,4514.0,4521.0,14005
2021-05-09,4600.0,4609.0,4431.0,4466.0,53587
2021-05-10,4514.0,4580.0,4466.0,4563.0,31546
2021-05-11,4580.0,4600.0,4563.0,4563.0,16005
2021-05-12,4600.0,4600.0,4489.0,4530.0,15586
2021-05-13,4750.0,4750.0,4522.0,4535.0,13601
2021-05-16,4360.0,4700.0,4360.0,4643.0,34335
2021-05-17,4700.0,4710.0,4600.0,4625.0,17964
2021-05-18,4625.0,4689.0,4591.0,4632.0,40736
2021-05-19,4660.0,4660.0,4566.0,4570.0,20217
2021-05-20,4614.0,4614.0,4500.0,4508.0,21336
2021-05-23,4508.0,4580.0,4467.0,4514.0,24809
2021-05-24,4569.0,4579.0,4500.0,4529.0,15647
2021-05-25,4500.0,4542.0,4490.0,4500.0,15154
2021-05-27,4725.0,4725.0,4420.0,4501.0,25641
2021-05-30,4501.0,4640.0,4490.0,4510.0,18678
2021-05-31,4550.0,4550.0,4430.0,4432.0,23158
2021-06-01,4433.0,4475.0,4385.0,4398.0,13675
2021-06-02,4451.0,4540.0,4411.0,4540.0,17289
2021-06-03,4600.0,4600.0,4500.0,4530.0,13535
2021-06-06,4750.0,4750.0,4500.0,4540.0,20500
2021-06-07,4540.0,4570.0,4515.0,4560.0,41330
2021-06-08,4600.0,4670.0,4534.0,4631.0,36795
2021-06-09,4700.0,5020.0,4670.0,4830.0,68713
2021-06-10,4890.0,4970.0,4801.0,4880.0,31633
2021-06-13,4920.0,5060.0,4855.0,5009.0,53269
2021-06-14,5100.0,5509.0,5021.0,5495.0,93669
2021-06-15,5600.0,5916.0,5500.0,5738.0,72890
2021-06-16,5455.0,5788.0,5194.0,5389.0,101022
2021-06-17,5400.0,5465.0,5300.0,5390.0,44977
2021-06-20,5445.0,5470.0,5176.0,5260.0,46768
2021-06-21,5260.0,5300.0,5050.0,5079.0,48368
2021-06-22,5180.0,5279.0,5016.0,5235.0,31129
2021-06-23,5295.0,5300.0,5093.0,5116.0,30890
2021-06-24,5195.0,5195.0,5041.0,5099.0,16441
2021-06-27,5149.0,5215.0,5100.0,5155.0,24997
2021-06-28,5170.0,5235.0,5170.0,5190.0,16761
2021-06-29,5200.0,5200.0,5077.0,5099.0,19580
2021-06-30,5100.0,5130.0,5025.0,5110.0,17065
2021-07-01,5150.0,5200.0,5131.0,5150.0,19149
2021-07-04,5160.0,5285.0,5160.0,5263.0,26022
2021-07-05,5338.0,5740.0,5260.0,5685.0,74170
2021-07-06,5780.0,5898.0,5601.0,5636.0,62519
2021-07-07,5555.0,5673.0,5451.0,5462.0,42623
2021-07-08,5460.0,5534.0,5376.0,5525.0,31884
2021-07-11,5801.0,5801.0,5535.0,5605.0,31443
2021-07-12,5595.0,5659.0,5467.0,5500.0,40755
2021-07-13,5475.0,5579.0,5442.0,5498.0,21481
2021-07-14,5550.0,5550.0,5400.0,5487.0,36170
2021-07-15,5450.0,5585.0,5413.0,5512.0,24158
2021-07-18,5593.0,5731.0,5540.0,5700.0,42346
2021-07-19,5800.0,5800.0,5650.0,5665.0,23807
2021-07-20,5700.0,5750.0,5640.0,5669.0,15676
2021-07-22,5690.0,5720.0,5650.0,5700.0,20820
2021-07-25,5586.1,5850.0,5586.1,5838.0,25263
2021-07-26,5954.7,6120.0,5900.0,6110.0,55427
2021-07-27,6100.0,6600.0,6000.0,6588.0,47089
2021-07-28,6660.0,6845.0,6518.0,6594.0,27747
2021-07-29,6594.0,6645.0,6375.0,6440.0,45589
2021-08-01,6423.0,6650.0,6350.0,6600.0,29332
2021-08-02,6650.0,6785.0,6543.0,6650.0,20222
2021-08-03,6520.0,6833.0,6520.0,6815.0,29077
2021-08-04,6890.0,6899.0,6738.0,6755.0,16012
2021-08-05,6695.0,6737.0,6650.0,6699.0,14683
2021-08-08,6705.0,6825.0,6705.0,6749.0,11509
2021-08-09,6701.0,6749.0,6670.0,6675.0,14745
2021-08-10,6675.0,6710.0,6600.0,6650.0,22299
2021-08-11,6700.0,6730.0,6610.1,6660.0,9788
2021-08-12,6650.0,6720.0,6526.8,6645.0,11402
2021-08-15,6700.0,7119.0,6680.0,7045.0,114278
2021-08-16,7150.0,7475.0,7050.0,7474.0,55935
2021-08-17,7623.0,7938.0,7500.0,7624.0,45613
2021-08-18,7680.0,7680.0,7450.0,7535.0,32599
2021-08-19,7650.0,7655.0,7401.0,7480.0,23859
2021-08-24,7401.0,7505.0,7325.0,7350.0,25973
2021-08-25,7301.0,7325.0,7155.0,7171.0,32841
2021-08-26,7245.0,7290.0,7080.0,7200.0,27499
2021-08-29,7200.0,7300.0,6966.0,6996.0,48485
2021-08-31,6997.0,6997.0,6750.0,6790.0,72196
2021-09-01,6792.0,6925.0,6750.0,6800.0,34162
2021-09-02,6800.1,7074.7,6700.0,6748.0,29634
2021-09-05,6784.0,6790.0,6500.0,6650.0,45772
2021-09-06,6666.0,7071.0,6533.0,7055.0,39308
2021-09-07,7180.0,7180.0,6800.0,6910.0,20103
2021-09-08,6800.0,6900.0,6750.0,6755.0,17021
2021-09-09,6701.0,6849.0,6650.0,6781.0,12820
2021-09-12,6900.0,7200.0,6650.0,7200.0,28780
2021-09-13,7300.0,7343.0,7070.0,7100.0,25124
2021-09-14,7100.0,7185.0,6970.0,7000.0,14012
2021-09-15,7000.0,7000.0,6835.0,6870.0,18798
2021-09-16,6800.0,6829.0,6621.0,6760.0,30378
2021-09-20,6800.0,6800.0,6600.0,6645.0,33897
2021-09-21,6645.0,6800.0,6500.0,6660.0,30339
2021-09-22,6789.0,6923.0,6740.0,6841.0,22661
2021-09-23,6977.0,7050.0,6790.0,6836.0,23102
2021-09-26,6836.0,6900.0,6715.0,6763.0,13269
2021-09-27,6750.0,6750.0,6630.0,6682.0,19342
2021-09-28,6680.0,6700.0,6493.0,6500.0,26436
2021-09-29,6500.0,6605.0,6450.0,6591.0,28414
2021-09-30,6600.0,6665.0,6511.0,6521.0,14924
2021-10-03,6505.0,6525.0,6375.0,6400.1,20764
2021-10-04,6352.0,6490.0,6225.0,6301.0,16297
2021-10-05,6390.0,6520.0,6340.0,6501.0,11393
2021-10-06,6510.0,6859.0,6510.0,6859.0,21983
2021-10-10,6899.0,6996.0,6681.0,6690.0,19484
2021-10-11,6730.0,7090.0,6500.0,6885.0,25215
2021-10-17,6885.0,6980.0,6738.0,6899.0,11034
2021-10-18,6770.0,6868.0,6670.0,6685.0,14337
2021-10-19,6585.0,6630.0,6480.0,6525.0,13939
2021-10-20,6655.0,6834.0,6600.0,6688.0,11689
2021-10-21,6755.0,6755.0,6600.0,6640.0,9478
2021-10-24,6730.0,6772.0,6620.0,6635.0,7001
2021-10-25,6597.0,6810.0,6597.0,6790.0,9942
2021-10-26,6838.0,6900.0,6790.0,6900.0,16940
2021-10-27,6920.0,6960.0,6810.0,6866.0,14978
2021-10-28,6770.0,6872.0,6770.0,6847.0,7805
2021-10-31,6914.0,7259.0,6892.0,7164.0,32117
2021-11-01,7307.0,7307.0,7000.0,7098.0,13887
2021-11-02,7120.0,7160.0,6976.0,7101.0,12083
2021-11-03,7160.0,7269.0,7133.0,7174.0,18296
2021-11-08,7269.0,7269.0,7110.0,7130.0,9118
2021-11-09,7062.0,7125.6,6895.0,6900.0,16426
2021-11-11,7000.0,7000.0,6763.0,6910.0,15291
2021-11-14,6910.0,6910.0,6801.0,6820.0,13948
2021-11-15,6950.0,7000.0,6825.0,6839.0,13009
2021-11-16,6875.0,6994.0,6800.0,6994.0,9333
2021-11-17,6854.2,7085.0,6854.2,6901.0,10438
2021-11-18,6880.0,6966.0,6800.2,6810.0,9814
2021-11-21,6811.0,6987.0,6780.0,6829.0,6705
2021-11-22,6945.0,6945.0,6828.0,6869.0,5489
2021-11-23,6800.1,6889.0,6750.0,6800.0,8915
2021-11-24,6765.0,6850.0,6680.0,6819.0,6292
2021-11-25,6883.0,6883.0,6660.0,6813.0,3995
2021-11-28,6691.0,6780.0,6630.0,6665.0,13378
2021-11-29,6695.0,6785.0,6551.0,6580.0,11358
2021-11-30,6680.0,6700.0,6444.0,6497.0,15786
2021-12-01,6525.0,6598.0,6465.0,6475.0,16168
2021-12-02,6597.0,6597.0,6250.0,6295.0,18576
2021-12-05,6300.0,6310.0,5940.0,5960.0,28496
2021-12-06,5940.0,6083.0,5701.0,5990.0,25663
2021-12-07,6100.0,6100.0,5860.0,5897.0,12622
2021-12-08,5850.0,5880.0,5600.0,5650.0,16576
2021-12-09,5600.0,5710.0,5501.0,5689.9,15780
2021-12-12,5700.0,5795.0,5490.0,5500.0,11768
2021-12-13,5390.0,5497.0,5235.0,5239.0,22717
2021-12-14,5342.0,5538.0,5250.0,5538.0,7850
2021-12-15,5648.0,5774.0,5510.0,5720.0,22525
2021-12-16,5750.0,5750.0,5520.0,5670.0,9702
2021-12-20,5650.0,6237.0,5601.0,6237.0,30863
2021-12-21,6361.7,6616.0,6361.7,6400.0,22547
2021-12-22,6528.0,7040.0,6528.0,7000.0,97823
2021-12-23,7140.0,7195.0,6795.0,6800.0,52229
2021-12-26,6936.0,6950.0,6830.0,6932.0,38533
2021-12-27,6975.0,6998.0,6750.0,6799.0,31005
2021-12-28,6910.0,6950.0,6700.0,6918.0,38307
2021-12-29,6928.0,7000.0,6830.0,6870.0,76049
2022-01-02,4004.0,4318.2,4004.0,4318.0,105032
2022-01-03,4404.3,4440.0,4220.0,4249.0,65728
2022-01-04,4250.0,4298.0,4200.0,4214.0,25006
2022-01-05,4298.0,4298.0,4135.0,4141.0,24265
2022-01-06,4141.0,4193.0,4121.0,4170.0,21055
2022-01-09,4190.0,4300.0,4170.0,4245.0,24573
2022-01-10,4299.0,4310.0,4230.0,4245.0,18496
2022-01-11,4290.0,4290.0,4235.0,4257.9,24284
2022-01-12,4265.0,4430.0,4258.0,4330.0,39132
2022-01-13,4395.0,4488.0,4335.0,4486.0,32576
2022-01-16,4575.0,4898.0,4575.0,4888.0,44850
2022-01-17,4985.0,5000.0,4850.0,4985.0,36939
2022-01-18,5020.0,5049.0,4745.0,4830.0,41936
2022-01-19,4910.0,4910.0,4745.0,4780.0,25834
2022-01-20,4844.0,4845.0,4736.0,4830.0,19795
2022-01-23,4899.0,4950.0,4820.0,4847.0,17094
2022-01-24,4847.0,4850.0,4656.0,4665.0,39260
2022-01-25,4670.0,4763.3,4550.0,4694.0,23344
2022-01-26,4730.0,4740.0,4570.0,4614.0,18461
2022-01-27,4619.0,4672.0,4606.0,4607.0,10144
2022-01-30,4699.0,4950.0,4699.0,4799.0,19593
2022-01-31,4850.0,4850.0,4731.0,4750.0,13286
2022-02-01,4750.0,4800.0,4730.0,4765.0,10678
2022-02-03,4851.0,4860.0,4725.0,4732.0,14214
2022-02-06,4750.0,4750.0,4650.0,4650.0,12795
2022-02-07,4650.0,4742.0,4602.0,4650.0,5812
2022-02-08,4743.0,4830.0,4630.0,4645.9,13051
2022-02-09,4646.0,4700.0,4601.0,4615.0,7210
2022-02-10,4605.0,4650.0,4575.0,4600.0,10307
2022-02-13,4600.0,4600.0,4410.0,4418.0,30241
2022-02-14,4410.0,4486.0,4333.0,4339.0,26181
2022-02-15,4252.7,4355.0,4216.0,4342.0,53047
2022-02-16,4342.0,4380.0,4257.0,4298.0,20828
2022-02-17,4300.0,4300.0,4240.0,4255.0,28579
2022-02-20,4170.0,4224.0,4086.7,4157.0,36871
2022-02-21,4150.0,4200.0,4150.0,4172.0,17927
2022-02-22,4200.0,4215.0,4160.1,4166.0,24836
2022-02-23,4170.0,4215.0,4120.0,4136.1,23053
2022-02-24,4115.0,4118.0,4040.1,4048.0,30782
2022-02-27,4048.0,4128.0,4000.0,4029.0,18557
2022-02-28,4100.0,4109.5,3950.0,3969.0,33429
2022-03-02,3969.0,3995.0,3860.0,3860.0,30775
2022-03-06,3900.0,3935.0,3825.0,3889.0,21459
2022-03-07,3900.0,3937.0,3880.0,3886.0,15581
2022-03-09,3940.0,3940.0,3812.0,3831.0,20633
2022-03-10,3832.0,3867.5,3780.0,3866.0,23522
2022-03-13,3943.3,4060.0,3930.0,4040.0,32271
2022-03-14,4120.0,4120.8,4020.0,4043.0,12475
2022-03-15,4050.0,4084.0,3980.0,3993.0,15092
2022-03-16,4012.0,4033.0,3975.0,3975.0,18683
2022-03-20,4054.0,4054.0,3926.0,3938.0,9403
2022-03-21,3940.1,3954.0,3920.0,3954.0,10428
2022-03-22,3976.0,4030.0,3976.0,3982.0,15570
2022-03-23,4000.0,4000.0,3926.0,3940.0,11194
2022-03-24,3985.0,3985.0,3880.0,3889.0,13971
2022-03-27,3960.0,3960.0,3800.0,3801.0,21956
2022-03-28,3801.0,3830.0,3752.0,3763.1,16013
2022-03-29,3800.0,3800.0,3715.0,3725.0,14980
2022-03-30,3770.0,3799.0,3722.0,3796.0,12402
2022-03-31,3801.0,3840.0,3745.0,3758.0,11879
2022-04-03,3810.0,3818.0,3700.0,3735.0,6291
2022-04-04,3770.0,3780.0,3720.0,3730.0,8648
2022-04-05,3730.0,3730.0,3649.2,3682.0,26296
2022-04-06,3680.0,3680.0,3600.0,3610.0,25936
2022-04-07,3601.0,3660.0,3590.0,3621.0,17023
2022-04-11,3690.0,3720.0,3569.2,3569.2,18743
2022-04-12,3571.0,3600.0,3500.0,3507.0,16338
2022-04-13,3548.0,3600.0,3482.0,3591.0,12487
2022-04-17,3618.0,3635.0,3540.0,3540.0,11189
2022-04-18,3540.0,3540.5,3490.2,3497.0,14024
2022-04-19,3530.0,3550.0,3485.0,3509.0,12352
2022-04-20,3515.0,3535.0,3482.0,3488.0,9517
2022-04-21,3470.0,3480.0,3435.1,3470.0,10480
2022-04-24,3535.0,3624.0,3500.0,3608.0,23702
2022-04-25,3650.0,3723.0,3580.0,3585.0,17672
2022-04-26,3585.0,3628.0,3565.0,3580.0,7953
2022-04-27,3600.0,3600.0,3545.0,3570.0,10669
2022-04-28,3620.0,3625.0,3544.0,3546.0,14077
2022-05-02,3525.0,3570.0,3495.0,3500.0,12472
2022-05-04,3500.0,3510.0,3440.1,3489.0,10084
2022-05-05,3445.0,3500.0,3431.0,3442.0,12867
2022-05-08,3510.0,3510.0,3381.0,3459.0,13489
2022-05-09,3518.0,3568.1,3465.0,3495.0,14081
2022-05-10,3495.0,3548.0,3495.0,3548.0,9862
2022-05-11,3550.0,3620.0,3548.0,3584.0,13278
2022-05-12,3620.0,3629.0,3555.0,3556.0,12670
2022-05-17,3499.0,3550.0,3489.1,3489.1,9494
2022-05-18,3481.0,3510.0,3430.0,3441.0,12701
2022-05-19,3450.0,3504.0,3450.0,3452.0,8520
2022-05-20,3440.0,3498.0,3430.0,3440.0,8255
2022-05-23,3450.0,3450.3,3371.2,3394.0,10417
2022-05-24,3395.0,3438.0,3370.0,3430.0,6929
2022-05-25,3470.0,3470.0,3430.0,3435.0,5942
2022-05-26,3499.0,3500.0,3435.0,3449.0,4542
2022-05-27,3489.0,3495.0,3420.1,3430.0,7341
2022-05-30,3440.0,3455.0,3372.0,3375.0,12484
2022-05-31,3350.0,3375.0,3325.0,3330.0,10998
2022-06-01,3350.0,3360.0,3270.0,3295.0,14192
2022-06-02,3295.0,3358.0,3260.0,3265.0,9402
2022-06-03,3265.0,3290.0,3198.0,3215.0,11903
2022-06-06,3249.7,3249.7,3175.0,3214.0,11778
2022-06-07,3260.0,3260.0,3131.0,3135.0,11824
2022-06-08,3102.0,3262.9,3100.0,3225.0,15482
2022-06-09,3270.0,3295.0,3210.0,3222.0,13248
2022-06-10,3161.0,3210.0,3158.0,3195.0,5630
2022-06-13,3255.0,3255.0,3150.0,3153.0,6052
2022-06-14,3160.0,3160.0,3110.0,3113.0,7084
2022-06-15,3110.0,3110.0,3002.0,3040.0,17417
2022-06-16,3011.0,3085.0,3000.0,3050.0,8196
2022-06-17,3080.0,3095.0,3030.0,3057.0,4648
2022-06-19,3075.0,3075.0,3000.0,3050.0,8409
2022-06-20,3111.0,3173.0,2981.1,2990.1,18952
2022-06-21,2990.0,3055.0,2970.0,3035.0,9610
2022-06-22,3035.0,3035.0,3000.0,3006.0,5034
2022-06-23,2990.0,2999.9,2900.0,2904.0,15432
2022-06-24,2904.0,2950.0,2825.0,2898.0,12080
2022-06-26,2955.0,3187.8,2955.0,3187.8,27003
2022-06-27,3250.0,3400.0,3190.0,3215.0,27582
2022-06-28,3171.0,3200.0,3110.0,3144.0,9829
2022-06-29,3184.0,3320.0,3081.2,3250.0,14131
2022-06-30,3300.0,3420.0,3275.0,3405.0,23616
2022-07-01,3450.0,3457.0,3351.0,3400.0,13508
2022-07-03,3410.0,3640.0,3401.0,3625.0,25019
2022-07-04,3695.0,3800.0,3565.0,3600.0,45484
2022-07-05,3600.0,3648.0,3480.0,3512.0,28735
2022-07-06,3512.0,3540.0,3390.8,3492.0,26646
2022-07-07,3561.8,3650.0,3470.0,3490.0,16770
2022-07-08,3550.0,3550.0,3400.0,3407.0,9271
2022-07-11,3350.0,3360.0,3240.0,3255.0,33618
2022-07-12,3270.0,3350.0,3225.0,3280.0,15623
2022-07-13,3340.0,3418.0,3291.0,3410.0,19101
2022-07-14,3478.0,3545.0,3386.0,3399.0,19304
2022-07-15,3405.2,3430.0,3390.0,3410.0,13171
2022-07-17,3425.0,3480.0,3400.0,3468.0,13791
2022-07-18,3425.1,3500.0,3425.1,3499.9,11518
2022-07-19,3500.0,3580.0,3500.0,3515.0,23933
2022-07-20,3585.0,3585.0,3515.0,3555.0,20542
2022-07-21,3580.0,3620.0,3530.0,3551.0,16881
2022-07-22,3555.0,3555.0,3475.0,3480.1,19371
2022-07-24,3549.7,3620.0,3489.0,3590.1,18542
2022-07-25,3640.0,3712.0,3640.0,3704.0,31038
2022-07-26,3710.0,3750.0,3650.1,3670.0,26491
2022-07-27,3640.0,3700.0,3630.0,3685.0,19608
2022-07-28,3746.9,3765.0,3665.0,3705.0,26896
2022-07-29,3770.0,3770.0,3700.0,3718.0,9574
2022-07-31,3725.0,3810.0,3725.0,3805.0,27420
2022-08-01,3860.0,3955.0,3840.0,3910.0,41566
2022-08-02,3890.0,3988.0,3875.0,3950.0,25310
2022-08-03,3988.0,4025.0,3925.4,4022.0,29121
2022-08-04,4021.0,4027.0,3925.0,3930.0,33199
2022-08-05,3900.0,3900.0,3825.0,3834.9,25005
2022-08-07,3839.0,3905.0,3839.0,3867.0,17223
2022-08-08,3920.0,3945.0,3850.0,3860.0,18381
2022-08-09,3850.0,3865.0,3745.0,3762.0,28439
2022-08-10,3788.0,3790.0,3680.0,3751.0,17956
2022-08-11,3790.0,3808.0,3752.0,3755.0,16189
2022-08-14,3679.9,3679.9,3518.2,3526.0,46173
2022-08-15,3526.0,3590.0,3400.0,3585.0,26752
2022-08-16,3600.0,3665.0,3550.0,3550.0,16303
2022-08-17,3550.0,3590.0,3535.0,3540.0,7349
2022-08-18,3550.0,3599.9,3550.0,3580.0,13904
2022-08-21,3600.0,3635.0,3586.0,3600.0,13193
2022-08-22,3600.0,3630.0,3560.0,3570.0,6348
2022-08-23,3572.0,3580.0,3556.0,3564.0,4559
2022-08-24,3629.0,3629.0,3545.0,3550.1,14372
2022-08-25,3560.0,3575.0,3500.0,3505.1,11234
2022-08-26,3525.0,3525.0,3445.0,3460.0,9066
2022-08-28,3460.0,3460.0,3390.1,3390.1,18169
2022-08-29,3390.0,3420.0,3335.0,3410.0,11919
2022-08-30,3469.0,3500.0,3430.0,3433.6,4638
2022-08-31,3402.0,3435.0,3380.0,3385.0,6418
2022-09-01,3385.0,3401.0,3350.0,3380.0,7885
2022-09-02,3430.0,3430.0,3362.0,3390.0,2309
2022-09-04,3390.0,3435.0,3365.0,3380.1,9109
2022-09-05,3447.0,3447.0,3380.0,3390.0,4694
2022-09-06,3390.0,3399.0,3365.0,3370.0,6065
2022-09-07,3361.0,3370.0,3340.0,3348.0,4948
2022-09-08,3340.0,3378.0,3325.0,3332.0,7147
2022-09-11,3350.0,3367.0,3321.1,3322.0,4875
2022-09-12,3333.0,3335.0,3285.0,3292.0,7767
2022-09-13,3330.0,3384.0,3285.0,3379.9,6468
2022-09-14,3390.0,3500.0,3390.0,3499.9,11328
2022-09-15,3549.0,3549.0,3370.0,3380.0,16844
2022-09-16,3313.0,3345.0,3250.0,3325.0,9108
2022-09-18,3325.0,3326.0,3293.0,3296.0,9546
2022-09-20,3271.0,3271.0,3200.0,3210.0,17549
2022-09-21,3210.0,3282.0,3200.0,3269.0,7371
2022-09-22,3230.0,3295.0,3205.0,3244.0,4409
2022-09-25,3210.0,3230.0,3190.0,3204.0,6655
2022-09-27,3250.0,3268.0,3185.0,3230.0,5575
2022-09-28,3274.0,3274.0,3240.0,3256.0,4442
2022-09-29,3274.0,3320.0,3274.0,3320.0,6188
2022-10-09,3386.4,3425.0,3360.0,3424.0,6804
2022-10-10,3430.0,3494.0,3390.0,3400.0,10463
2022-10-11,3381.0,3415.0,3362.0,3383.0,5069
2022-10-12,3383.0,3430.0,3370.1,3412.0,4581
2022-10-13,3420.0,3450.0,3400.0,3423.0,8240
2022-10-16,3423.0,3459.0,3411.0,3430.0,9683
2022-10-17,3450.0,3450.0,3400.0,3410.0,5293
2022-10-19,3425.0,3439.0,3385.0,3395.0,5493
2022-10-20,3450.0,3450.0,3352.0,3389.0,2753
2022-10-23,3410.0,3440.0,3380.0,3408.5,3601
2022-10-31,3450.0,3450.0,3400.0,3420.0,4199
2022-11-01,3430.0,3518.0,3424.0,3516.0,8926
2022-11-02,3565.0,3586.0,3517.0,3560.0,10890
2022-11-03,3540.1,3590.0,3520.0,3528.0,5935
2022-11-06,3528.0,3680.0,3528.0,3670.0,12322
2022-11-07,3670.0,3750.0,3670.0,3675.0,15726
2022-11-08,3712.0,3719.0,3619.1,3670.0,8300
2022-11-09,3690.0,3690.0,3520.0,3540.0,14230
2022-11-10,3609.0,3609.0,3468.0,3498.0,9510
2022-11-13,3500.0,3548.0,3500.0,3503.0,5955
2022-11-14,3568.0,3800.0,3520.0,3715.0,24616
2022-11-15,3715.0,3750.0,3611.0,3621.0,22285
2022-11-16,3688.0,3691.0,3630.0,3673.0,10938
2022-11-17,3700.0,3759.0,3685.0,3758.0,27584
2022-11-22,3825.0,3905.1,3770.0,3793.0,22551
2022-11-23,3800.0,3895.0,3800.0,3892.0,28858
2022-11-24,3910.0,3970.0,3880.0,3930.0,17261
2022-11-27,4008.6,4323.0,4008.6,4066.0,108607
2022-11-28,4147.3,4147.3,3970.0,3970.1,40986
2022-11-29,3980.0,3990.0,3915.0,3970.0,24616
2022-11-30,3970.0,3995.0,3940.1,3978.0,12030
2022-12-01,4000.0,4000.0,3966.0,3967.0,17623
2022-12-04,3997.0,3999.0,3935.0,3940.0,16867
2022-12-05,3945.0,3950.0,3848.0,3848.0,18927
2022-12-06,3821.0,3850.0,3800.0,3817.0,14375
2022-12-07,3870.0,3870.0,3820.0,3845.0,9862
2022-12-11,3820.0,3850.0,3788.0,3788.0,13211
2022-12-12,3788.0,3845.0,3770.0,3818.0,11442
2022-12-13,3830.0,3869.9,3820.0,3825.1,7372
2022-12-14,3801.0,3850.0,3801.0,3815.0,5108
2022-12-15,3820.0,3820.0,3790.0,3795.0,8391
2022-12-18,3870.9,3870.9,3753.7,3793.0,12602
2022-12-19,3800.0,3850.0,3785.0,3816.0,11211
2022-12-20,3850.0,3850.0,3815.0,3832.0,9974
2022-12-21,3832.1,3849.8,3825.0,3840.0,8684
2022-12-22,3840.0,3850.0,3820.0,3842.0,12516
2022-12-26,3860.0,4000.0,3850.0,3950.0,28310
2022-12-27,4000.0,4059.0,3980.0,3985.0,30215
2022-12-28,4000.0,4000.0,3950.0,3992.0,18142
2022-12-29,4003.2,4009.9,3970.0,4006.0,30360
2023-01-01,4085.0,4100.0,4035.0,4075.0,38690
2023-01-02,4076.0,4099.0,4010.0,4019.0,40953
2023-01-03,4099.3,4099.3,4010.0,4030.0,106763
2023-01-04,2569.1,2770.6,2569.1,2770.6,41540
2023-01-05,2826.0,3047.6,2826.0,2969.9,145491
2023-01-08,3029.2,3040.0,2867.0,2871.0,72823
2023-01-09,2925.0,2925.0,2843.0,2845.0,38607
2023-01-10,2860.0,2860.0,2788.0,2794.0,50020
2023-01-12,2800.0,2849.8,2719.5,2723.0,44689
2023-01-17,2770.0,2770.0,2725.0,2726.0,29840
2023-01-18,2770.0,2775.0,2705.0,2707.0,28051
2023-01-19,2707.4,2745.0,2690.1,2694.0,20528
2023-01-23,2719.0,2720.0,2675.0,2678.0,20778
2023-01-24,2670.0,2685.0,2617.0,2679.9,16910
2023-01-25,2700.0,2700.0,2660.0,2687.0,15311
2023-01-26,2700.0,2715.0,2670.0,2675.0,10973
2023-01-29,2660.0,2693.0,2615.0,2648.0,16055
2023-01-30,2660.0,2674.9,2608.1,2610.0,15699
2023-01-31,2610.0,2619.0,2575.0,2579.0,20812
2023-02-01,2599.0,2600.0,2579.1,2590.0,14839
2023-02-02,2600.5,2661.0,2600.1,2610.0,16982
2023-02-05,2630.0,2662.0,2620.0,2635.0,16081
2023-02-06,2645.0,2699.9,2641.0,2699.0,17890
2023-02-07,2730.0,2786.5,2730.0,2785.0,24071
2023-02-08,2840.7,2840.7,2755.0,2760.0,16993
2023-02-09,2815.0,2815.0,2710.0,2750.0,10886
2023-02-12,2695.0,2695.0,2591.0,2605.0,54593
2023-02-14,2600.0,2600.0,2572.0,2574.0,29963
2023-02-15,2575.0,2600.0,2550.0,2566.1,14657
2023-02-16,2570.0,2590.0,2520.0,2524.0,21161
2023-02-20,2473.6,2473.6,2376.0,2390.0,86706
2023-02-22,2388.0,2408.0,2320.0,2406.0,55940
2023-02-23,2400.0,2400.0,2340.0,2351.0,30540
2023-02-26,2325.0,2350.0,2206.0,2330.0,46707
2023-02-27,2372.0,2372.0,2255.0,2290.0,28976
2023-02-28,2300.0,2310.0,2275.0,2285.0,14982
2023-03-01,2300.0,2300.0,2255.0,2256.0,14836
2023-03-02,2256.0,2256.0,2195.1,2196.1,36788
2023-03-05,2239.0,2239.0,2090.0,2094.0,39843
2023-03-07,2052.2,2125.0,2040.0,2046.0,45392
2023-03-09,2086.9,2118.0,2055.0,2094.0,27436
2023-03-12,2135.8,2147.0,2094.0,2100.1,27260
2023-03-13,2100.1,2100.1,2068.0,2070.9,20104
2023-03-14,2081.0,2099.5,2060.0,2066.0,13345
2023-03-15,2090.0,2095.0,2026.0,2038.0,19399
2023-03-16,2020.0,2050.0,2005.0,2015.0,18964
2023-03-19,2050.0,2050.0,1975.0,1975.0,30642
2023-03-20,1975.0,2000.0,1965.0,1998.0,17201
2023-03-22,2025.0,2025.0,1958.0,1958.0,22631
2023-03-23,1940.0,1965.0,1930.0,1932.0,22931
2023-03-26,1930.0,1930.0,1833.0,1843.0,46373
2023-03-27,1843.0,1910.0,1806.6,1900.0,31918
2023-03-28,1938.0,1995.1,1920.0,1980.0,30438
2023-03-29,1990.0,2009.9,1950.0,1980.0,12745
2023-03-30,2018.0,2018.0,1950.0,1951.0,15776
2023-04-02,1990.0,2015.0,1915.0,1920.0,12918
2023-04-03,1940.0,1940.0,1884.0,1889.0,11435
2023-04-04,1910.0,1910.0,1855.1,1889.0,13136
2023-04-05,1895.0,1899.0,1865.0,1891.0,8018
2023-04-06,1915.0,1920.0,1878.0,1882.0,12596
2023-04-09,1890.0,1890.0,1841.0,1845.0,18645
2023-04-10,1850.1,1880.0,1840.0,1851.0,12163
2023-04-11,1879.9,1920.0,1857.0,1920.0,16410
2023-04-12,1957.0,2045.0,1955.0,2045.0,30074
2023-04-13,2085.9,2125.0,1995.0,2010.0,29473
2023-04-16,2020.0,2041.0,1982.0,2000.0,13948
2023-04-17,2010.0,2010.0,1950.0,1956.0,13323
2023-04-18,1950.0,1962.0,1905.0,1924.0,12543
2023-04-19,1939.0,1960.0,1920.0,1946.0,8363
2023-04-20,1960.8,1960.8,1912.0,1925.0,7559
2023-04-23,1900.0,1935.0,1899.0,1900.0,9682
2023-04-24,1938.0,1938.0,1890.0,1909.0,8829
2023-04-25,1900.0,1945.0,1900.0,1933.0,12327
2023-04-26,1940.0,1975.0,1913.1,1920.0,13411
2023-04-27,1915.0,1936.0,1910.0,1915.0,8325
2023-04-30,1915.0,1925.0,1900.0,1910.0,9798
2023-05-02,1915.0,1919.0,1884.0,1900.0,12879
2023-05-03,1938.0,1938.0,1880.0,1888.0,13578
2023-05-04,1910.0,1910.0,1880.0,1895.0,8516
2023-05-07,1900.0,1905.0,1880.0,1900.0,7574
2023-05-08,1881.1,1899.9,1878.0,1880.0,11681
2023-05-09,1875.0,1901.0,1875.0,1894.0,9897
2023-05-10,1899.0,1919.9,1885.0,1896.0,6814
2023-05-11,1880.0,1905.0,1880.0,1884.0,8901
2023-05-14,1882.0,1908.0,1820.0,1837.0,24849
2023-05-15,1840.0,1850.0,1820.2,1840.0,10263
2023-05-16,1860.0,1860.0,1830.0,1844.0,7667
2023-05-17,1846.0,1880.0,1846.0,1865.0,6874
2023-05-18,1866.0,1900.0,1865.1,1890.0,9791
2023-05-21,1900.0,1927.0,1880.0,1882.0,15653
2023-05-22,1898.9,1898.9,1875.1,1892.0,11481
2023-05-23,1900.0,1963.0,1887.0,1959.0,34898
2023-05-24,1990.0,2025.0,1966.0,2000.0,29011
2023-05-28,2000.0,2022.0,1980.0,1987.0,32835
2023-05-30,1990.0,1990.0,1922.0,1926.9,25016
2023-05-31,1930.0,1959.0,1890.0,1896.0,19553
2023-06-01,1898.3,1920.0,1880.0,1905.0,14122
2023-06-04,1918.0,1955.0,1918.0,1954.0,16836
2023-06-05,1989.0,2005.0,1915.1,1920.0,19869
2023-06-06,1923.0,1935.0,1909.0,1927.0,14035
2023-06-07,1965.0,1965.0,1930.0,1941.0,11923
2023-06-08,1942.0,1974.0,1935.0,1948.0,13018
2023-06-11,1948.0,2010.0,1948.0,2000.0,36304
2023-06-12,2034.9,2056.0,2010.0,2045.0,49706
2023-06-13,2085.0,2238.0,2026.0,2225.0,81186
2023-06-14,2249.5,2354.8,2240.0,2290.0,105130
2023-06-15,2290.0,2335.0,2240.0,2285.0,41041
2023-06-18,2249.0,2335.0,2249.0,2315.0,61347
2023-06-19,2334.0,2340.0,2265.0,2325.0,51213
2023-06-20,2349.0,2410.0,2307.9,2325.0,57429
2023-06-21,2325.0,2397.0,2300.0,2345.0,71020
2023-06-22,2390.0,2392.0,2345.0,2355.0,63333
2023-06-25,2402.0,2428.0,2354.0,2425.0,101152
2023-06-26,2473.0,2510.0,2422.0,2438.0,90111
2023-06-27,2440.0,2475.0,2412.0,2420.0,51276
2023-06-28,2420.0,2460.0,2340.0,2346.0,54046
2023-07-02,2385.0,2385.0,2249.0,2260.0,61208
2023-07-03,2250.0,2281.0,2215.0,2227.0,37284
2023-07-04,2234.1,2271.0,2228.0,2245.0,29718
2023-07-05,2265.0,2265.0,2205.0,2207.0,34282
2023-07-06,2208.1,2226.0,2164.0,2200.0,32491
2023-07-09,2205.0,2258.0,2205.0,2258.0,30324
2023-07-10,2290.0,2315.0,2270.0,2293.0,31688
2023-07-11,2310.0,2310.0,2265.0,2280.0,25891
2023-07-12,2280.0,2315.0,2250.0,2265.0,30660
2023-07-13,2308.0,2308.0,2230.0,2241.0,30415
2023-07-16,2251.0,2279.0,2240.0,2248.0,16690
2023-07-17,2250.0,2285.0,2248.0,2279.0,18124
2023-07-18,2290.0,2307.0,2280.0,2284.0,24724
2023-07-19,2290.0,2310.0,2285.0,2290.0,25609
2023-07-20,2313.0,2315.0,2260.0,2281.2,29813
2023-07-23,2314.0,2375.0,2298.0,2370.0,47481
2023-07-24,2385.0,2389.0,2320.0,2320.0,41881
2023-07-25,2335.0,2335.0,2270.3,2271.0,30574
2023-07-26,2311.0,2316.0,2271.0,2295.0,28731
2023-07-27,2300.0,2318.0,2254.0,2263.0,22954
2023-07-30,2306.0,2310.0,2240.0,2243.0,26814
2023-07-31,2240.0,2287.8,2240.0,2248.0,14708
2023-08-01,2260.0,2275.0,2238.0,2240.9,17086
2023-08-02,2250.0,2250.0,2220.0,2237.0,8538
2023-08-03,2250.0,2272.0,2151.0,2240.0,21952
2023-08-06,2269.0,2269.0,2200.0,2210.0,20817
2023-08-07,2210.0,2225.0,2191.0,2196.0,18370
2023-08-08,2197.0,2209.0,2152.0,2163.0,18105
2023-08-09,2190.0,2192.0,2130.0,2165.0,20560
2023-08-10,2208.3,2208.3,2170.1,2178.0,15058
2023-08-13,2199.9,2218.0,2185.0,2185.0,14009
2023-08-14,2200.0,2204.0,2170.0,2185.0,12635
2023-08-15,2142.0,2142.0,1974.7,2017.0,101090
2023-08-16,2000.0,2000.0,1960.0,1969.0,42656
2023-08-17,2000.0,2007.9,1980.0,1995.0,16091
2023-08-20,2025.0,2025.0,1956.0,1970.0,23424
2023-08-21,1998.0,1998.0,1939.0,1945.0,22637
2023-08-22,1970.0,1988.0,1949.0,1975.0,10950
2023-08-23,1975.1,1999.0,1975.1,1990.0,13746
2023-08-24,1992.1,2007.4,1965.1,1970.1,15161
2023-08-27,1989.0,1990.0,1950.0,1950.0,11613
2023-08-28,1951.0,1977.0,1945.0,1950.0,10635
2023-08-29,1952.5,1978.9,1940.0,1944.0,9009
2023-08-30,1970.0,1970.0,1940.1,1943.0,11069
2023-09-03,1945.1,1965.0,1921.0,1929.0,11768
2023-09-04,1950.0,1950.0,1900.0,1915.0,9514
2023-09-05,1940.0,1940.0,1906.0,1907.0,7315
2023-09-07,1907.0,1929.0,1890.0,1891.5,13704
2023-09-10,1900.0,1909.0,1894.1,1894.1,11139
2023-09-11,1900.0,1960.0,1900.0,1950.0,14875
2023-09-12,1960.0,1989.0,1930.0,1939.0,11096
2023-09-13,1960.0,1982.0,1949.0,1979.0,9116
2023-09-17,1979.0,1979.0,1950.0,1951.0,14187
2023-09-18,1964.9,1964.9,1930.1,1945.0,5970
2023-09-19,1970.0,1979.0,1946.5,1953.0,6088
2023-09-21,1980.0,2005.0,1975.0,1987.0,18469
2023-09-24,1985.0,2023.0,1980.0,1997.0,10451
2023-09-25,1997.0,2005.0,1975.0,1977.0,6227
2023-09-26,2000.0,2012.0,1979.8,1981.0,8602
2023-09-27,1981.0,1985.0,1960.0,1973.0,9895
2023-10-01,1973.0,1974.0,1940.0,1949.0,10857
2023-10-02,1950.0,1960.0,1930.0,1935.0,15094
2023-10-03,1935.0,1952.0,1917.0,1924.0,10568
2023-10-04,1920.0,1930.0,1916.0,1916.3,9416
2023-10-05,1910.0,1918.0,1900.3,1906.0,14842
2023-10-08,1900.0,1900.0,1875.0,1886.0,22641
2023-10-09,1886.0,1901.0,1865.0,1880.4,12196
2023-10-10,1900.0,1900.0,1860.1,1870.0,10174
2023-10-11,1870.0,1899.0,1860.0,1870.0,10964
2023-10-12,1870.0,1870.0,1850.0,1854.0,13741
2023-10-16,1854.2,1892.0,1840.0,1845.0,13832
2023-10-17,1879.0,1900.0,1850.0,1857.0,7947
2023-10-18,1860.1,1895.0,1860.0,1885.0,8177
2023-10-19,1891.0,1903.0,1885.0,1899.5,7761
2023-10-29,1892.0,1900.0,1880.0,1885.0,8836
2023-10-30,1899.0,1899.0,1870.0,1892.5,5997
2023-10-31,1904.0,1905.0,1874.0,1887.0,5516
2023-11-01,1886.0,1899.9,1872.0,1874.0,6888
2023-11-02,1879.0,1896.5,1873.7,1874.0,6792
2023-11-05,1852.3,1870.0,1830.0,1839.0,15685
2023-11-06,1842.0,1865.0,1842.0,1850.2,8641
2023-11-07,1870.0,1880.0,1860.0,1860.0,5867
2023-11-08,1860.0,1875.0,1860.0,1866.0,4017
2023-11-09,1870.0,1885.0,1860.0,1868.0,6662
2023-11-20,1831.0,1831.0,1733.0,1737.0,41867
2023-11-21,1737.0,1737.0,1598.0,1622.5,47832
2023-11-22,1648.0,1648.0,1600.0,1630.0,24620
2023-11-23,1621.1,1628.0,1601.0,1628.0,17788
2023-11-26,1631.0,1655.0,1630.0,1644.0,19558
2023-11-27,1674.0,1674.0,1644.0,1663.0,18599
2023-11-28,1686.0,1690.0,1670.2,1674.9,11907
2023-11-29,1708.0,1708.0,1670.0,1685.0,9685
2023-11-30,1699.0,1699.0,1655.2,1660.0,10080
2023-12-03,1679.0,1679.0,1639.0,1645.0,9991
2023-12-04,1612.1,1612.1,1540.0,1597.0,44575
2023-12-05,1619.0,1619.0,1575.0,1577.0,15120
2023-12-06,1600.0,1600.0,1570.0,1577.9,9775
2023-12-07,1580.0,1593.0,1579.0,1586.0,13716
2023-12-10,1613.7,1680.0,1613.7,1680.0,2387
2023-12-11,1713.6,1781.0,1685.0,1695.0,39625
2023-12-12,1706.8,1720.0,1691.0,1705.0,19724
2023-12-13,1725.0,1760.0,1700.0,1731.0,20361
2023-12-14,1750.0,1750.0,1700.0,1710.0,15326
2023-12-17,1710.0,1722.9,1687.7,1700.1,17729
2023-12-18,1730.0,1730.0,1707.0,1717.0,28739
2023-12-19,1740.0,1800.0,1733.1,1781.0,42447
2023-12-20,1800.0,1959.1,1800.0,1959.1,56874
2023-12-21,1998.2,2155.0,1978.0,2067.0,96608
2023-12-24,2067.0,2078.0,1917.0,1925.0,77329
2023-12-27,1940.0,1960.0,1830.0,1870.0,57927
2023-12-28,1907.0,1909.0,1876.0,1898.0,52221
2024-01-01,1759.9,1805.0,1750.0,1762.0,51880
2024-01-02,1762.0,1770.0,1710.0,1726.0,34731
2024-01-03,1750.0,1750.0,1715.0,1734.0,24326
2024-01-04,1768.0,1768.0,1729.0,1730.0,26705
2024-01-07,1764.0,1764.0,1715.0,1715.0,20526
2024-01-08,1720.0,1739.0,1700.0,1711.0,26373
2024-01-09,1725.0,1739.8,1711.0,1720.0,33870
2024-01-10,1742.9,1742.9,1715.0,1719.9,23414
2024-01-11,1690.0,1735.0,1690.0,1708.5,22663
2024-01-14,1720.0,1735.0,1705.0,1712.0,24096
2024-01-16,1725.0,1784.0,1712.0,1779.8,44096
2024-01-17,1806.0,1819.0,1745.0,1745.0,33094
2024-01-18,1740.0,1745.0,1710.1,1720.0,29711
2024-01-21,1720.0,1789.0,1710.0,1720.0,29517
2024-01-22,1725.0,1725.0,1691.0,1699.0,22231
2024-01-23,1695.0,1712.0,1675.0,1680.0,21488
2024-01-24,1711.0,1711.0,1677.0,1680.0,16096
2024-01-25,1684.0,1699.0,1670.0,1674.0,16419
2024-01-28,1700.0,1700.0,1647.0,1651.0,31307
2024-01-29,1655.0,1670.0,1637.0,1644.0,48115
2024-01-30,1644.0,1670.0,1642.0,1651.0,32525
2024-01-31,1660.0,1668.0,1640.0,1644.9,21751
2024-02-01,1640.0,1649.0,1619.2,1621.0,25169
2024-02-04,1622.0,1637.9,1600.0,1600.0,23448
2024-02-05,1625.0,1625.0,1600.0,1610.0,18259
2024-02-06,1620.0,1630.0,1601.2,1614.5,16885
2024-02-07,1630.0,1645.0,1605.0,1608.1,14752
2024-02-08,1610.0,1620.0,1600.1,1618.0,17746
2024-02-11,1600.0,1605.0,1540.0,1578.0,58217
2024-02-12,1546.5,1580.1,1546.5,1570.0,42754
2024-02-13,1570.0,1581.0,1550.0,1557.0,28079
2024-02-14,1557.0,1557.0,1525.0,1529.0,51799
2024-02-15,1530.0,1545.0,1510.0,1513.9,30518
2024-02-18,1513.0,1515.0,1480.0,1485.0,41754
2024-02-20,1485.0,1485.0,1460.0,1474.9,33855
2024-02-21,1504.3,1504.3,1475.1,1486.0,22457
2024-02-22,1495.0,1498.7,1466.2,1470.0,24734
2024-02-25,1475.0,1488.0,1450.9,1451.0,24541
2024-02-26,1452.0,1479.0,1441.0,1450.0,17327
2024-02-27,1478.0,1478.0,1450.0,1455.0,24591
2024-02-28,1460.0,1550.0,1460.0,1520.0,38633
2024-02-29,1548.0,1548.0,1490.0,1490.0,26705
2024-03-03,1475.0,1492.0,1465.0,1469.0,26424
2024-03-04,1498.0,1599.0,1498.0,1599.0,2161
2024-03-05,1600.0,1629.9,1515.0,1520.0,53543
2024-03-06,1525.0,1534.0,1490.0,1510.0,28297
2024-03-07,1540.0,1540.2,1510.0,1516.1,15571
2024-03-10,1540.0,1560.0,1525.0,1530.0,20284
2024-03-12,1560.6,1634.9,1560.6,1618.5,68837
2024-03-13,1650.8,1671.0,1625.0,1657.0,56187
2024-03-14,1675.0,1678.0,1616.2,1617.0,41558
2024-03-17,1617.0,1617.9,1588.0,1597.0,25798
2024-03-18,1601.1,1601.1,1570.1,1580.0,23808
2024-03-19,1580.0,1605.0,1565.1,1569.0,17643
2024-03-20,1589.0,1590.0,1555.0,1555.0,19157
2024-03-21,1578.0,1578.0,1535.0,1539.0,21238
2024-03-25,1540.0,1560.0,1518.0,1527.0,14104
2024-03-26,1540.0,1549.1,1520.0,1528.0,12695
2024-03-27,1520.0,1543.9,1515.0,1515.2,12795
2024-03-28,1525.0,1525.0,1500.0,1505.0,17719
2024-03-31,1533.7,1534.0,1507.1,1510.0,9627
2024-04-01,1510.0,1510.0,1495.0,1500.0,17641
2024-04-02,1515.0,1515.0,1490.0,1494.0,11147
2024-04-03,1494.0,1504.0,1480.0,1482.0,18712
2024-04-04,1506.0,1506.0,1483.0,1484.0,16118
2024-04-07,1500.0,1500.0,1484.0,1495.0,19648
2024-04-09,1505.0,1520.0,1490.2,1496.0,15825
2024-04-10,1500.0,1500.0,1485.1,1488.0,15939
2024-04-14,1500.0,1500.0,1485.0,1488.0,15096
2024-04-15,1490.0,1490.0,1478.0,1481.0,14752
2024-04-16,1481.0,1481.0,1468.0,1469.0,11630
2024-04-18,1465.0,1470.0,1460.0,1461.9,11057
2024-04-21,1491.1,1491.1,1451.2,1469.0,12380
2024-04-22,1494.6,1495.5,1465.0,1466.0,7864
2024-04-24,1470.0,1472.0,1451.0,1455.0,14263
2024-04-25,1460.0,1474.0,1455.0,1457.9,12520
2024-04-28,1461.0,1478.0,1450.1,1465.0,16799
2024-04-29,1461.0,1465.0,1452.0,1455.2,11555
2024-04-30,1456.0,1475.0,1450.1,1470.0,21761
2024-05-02,1471.0,1480.0,1460.0,1460.3,10847
2024-05-05,1431.5,1431.5,1346.0,1367.9,86655
2024-05-06,1375.0,1375.0,1333.0,1338.0,45734
2024-05-07,1340.0,1347.5,1329.0,1335.0,24490
2024-05-08,1349.0,1349.0,1300.1,1301.0,44673
2024-05-09,1301.0,1320.0,1264.2,1304.9,56845
2024-05-12,1320.0,1330.0,1276.0,1288.3,23850
2024-05-13,1314.0,1314.0,1275.0,1290.0,22479
2024-05-14,1299.9,1300.0,1285.0,1300.0,27042
2024-05-15,1326.0,1326.0,1301.0,1311.0,21618
2024-05-16,1329.0,1329.0,1300.0,1302.0,16876
2024-05-19,1328.0,1328.0,1299.0,1304.0,30670
2024-05-20,1319.0,1320.0,1310.0,1313.0,26474
2024-05-21,1320.0,1320.0,1304.0,1315.0,21590
2024-05-22,1341.3,1341.3,1314.0,1317.0,29673
2024-05-26,1340.0,1340.0,1320.0,1322.0,25114
2024-05-27,1322.0,1330.0,1318.0,1328.5,22218
2024-05-29,1355.0,1355.0,1325.0,1330.0,34062
2024-05-30,1325.0,1338.0,1290.0,1304.0,23239
